date,league,team,score,possession,totalshots,ontarget,offtarget,blocked,passing,clearchutchances,corners,offsides,tackles,saves,foulscommited,foulswon,yellow,red
29th October 2023,Premier League,West Ham United,0,63.7,12,2,8,2,83.5,1,4,1,41.2,3,7,10,4,0
29th October 2023,Premier League,Everton,1,36.3,10,4,4,2,75.3,1,3,3,48.3,2,11,7,1,0
29th October 2023,Premier League,Aston Villa,3,70.5,17,6,5,6,90.4,4,6,0,72.7,1,11,9,3,0
29th October 2023,Premier League,Luton Town,1,29.5,7,1,2,4,77.4,1,4,6,47.1,4,10,11,2,0
29th October 2023,Premier League,Brighton and Hove Albion,1,71.1,18,7,8,3,90.6,4,7,0,71.4,4,12,8,0,0
29th October 2023,Premier League,Fulham,1,28.9,10,5,4,1,78.9,0,3,1,63,5,8,11,3,0
29th October 2023,Premier League,Liverpool,3,72.6,21,8,9,4,89.8,3,8,1,41.7,1,9,13,2,0
29th October 2023,Premier League,Nottingham Forest,0,27.4,9,1,4,4,72.6,1,3,3,52.6,5,13,9,3,0
29th October 2023,Premier League,Manchester United,0,39.5,7,3,3,1,80.8,1,7,4,57.1,7,9,5,4,0
29th October 2023,Premier League,Manchester City,3,60.5,21,10,6,5,89.6,6,12,0,75,3,5,9,1,0
28th October 2023,Premier League,Chelsea,0,68.8,17,2,8,7,89.3,2,10,0,72.7,3,12,7,1,0
28th October 2023,Premier League,Brentford,2,31.2,7,5,1,1,73.3,4,1,0,52.6,2,7,12,4,0
28th October 2023,Premier League,Arsenal,5,67.1,13,8,2,3,90.7,2,6,1,40,0,9,13,0,0
28th October 2023,Premier League,Sheffield United,0,32.9,2,0,1,1,74.6,0,1,1,65,2,13,9,3,0
28th October 2023,Premier League,Bournemouth,2,44.3,13,6,4,3,75.7,1,10,3,64,3,9,12,2,0
28th October 2023,Premier League,Burnley,1,55.7,6,3,2,1,79.4,0,5,1,75,4,12,9,3,0
28th October 2023,Premier League,Wolverhampton Wanderers,2,43.2,11,6,2,3,81.7,0,8,2,71.4,2,13,15,1,0
28th October 2023,Premier League,Newcastle United,2,56.8,13,5,3,5,86.2,1,7,0,75,4,15,13,4,0
27th October 2023,Premier League,Crystal Palace,1,24.3,13,3,4,6,67.3,0,11,1,58.3,0,19,11,2,0
27th October 2023,Premier League,Tottenham Hotspur,2,75.7,10,1,4,5,91.4,1,2,3,70,2,11,18,1,0
23rd October 2023,Premier League,Tottenham Hotspur,2,55.6,15,5,4,6,87.4,1,3,4,63.2,3,10,14,2,0
23rd October 2023,Premier League,Fulham,0,44.4,10,3,4,3,84.4,1,5,6,57.9,3,14,10,0,0
22nd October 2023,Premier League,Aston Villa,4,58.3,15,7,6,2,88.6,2,8,2,55.6,3,8,15,0,0
22nd October 2023,Premier League,West Ham United,1,41.7,14,4,3,7,82.3,0,7,3,60,3,15,7,1,0
21st October 2023,Premier League,Liverpool,2,77.5,26,6,9,11,87.5,1,12,2,69.2,1,9,8,1,0
21st October 2023,Premier League,Everton,0,22.5,6,1,4,1,52.6,0,4,1,82.4,4,9,8,1,1
21st October 2023,Premier League,Bournemouth,1,33.7,7,4,1,2,75.2,1,3,0,66.7,5,15,9,2,1
21st October 2023,Premier League,Wolverhampton Wanderers,2,66.3,21,7,8,6,85.5,2,12,1,57.7,3,10,15,6,0
21st October 2023,Premier League,Brentford,3,49.9,23,10,8,5,79,4,5,2,64.7,1,14,12,5,0
21st October 2023,Premier League,Burnley,0,50.1,6,1,4,1,82.6,1,5,2,57.1,6,12,14,2,1
21st October 2023,Premier League,Manchester City,2,54.5,10,6,4,0,89.7,1,2,2,50,2,9,11,2,1
21st October 2023,Premier League,Brighton and Hove Albion,1,45.5,5,3,2,0,87.5,2,2,1,50,3,11,9,2,0
21st October 2023,Premier League,Newcastle United,4,59.5,10,7,3,0,86.4,3,6,0,62.5,3,7,12,2,0
21st October 2023,Premier League,Crystal Palace,0,40.5,17,3,10,4,79.2,0,8,1,55,3,12,7,3,0
21st October 2023,Premier League,Nottingham Forest,2,57.2,19,8,9,2,76.5,2,4,2,64.3,2,12,11,3,0
21st October 2023,Premier League,Luton Town,2,42.8,13,4,5,4,69.5,2,2,0,66.7,6,11,12,0,0
21st October 2023,Premier League,Chelsea,2,43.3,11,5,4,2,82.2,0,2,2,58.8,1,7,13,3,0
21st October 2023,Premier League,Arsenal,2,56.7,13,3,5,5,84.6,1,7,1,47.4,3,14,7,3,0
21st October 2023,Premier League,Sheffield United,1,37.5,12,6,3,3,67.8,1,5,3,57.1,3,12,8,3,0
21st October 2023,Premier League,Manchester United,2,62.5,14,5,6,3,80.8,2,4,4,50,5,10,12,1,0
8th October 2023,Premier League,Brighton and Hove Albion,2,46,14,3,5,6,84.9,2,8,1,58.8,2,12,20,1,0
8th October 2023,Premier League,Liverpool,2,54,14,4,5,5,86.7,2,1,0,77.3,1,20,12,2,0
8th October 2023,Premier League,West Ham United,2,35.2,5,3,2,0,72,1,4,2,81.8,1,11,18,3,0
8th October 2023,Premier League,Newcastle United,2,64.8,10,3,6,1,86.2,2,2,1,75,1,18,11,3,0
8th October 2023,Premier League,Wolverhampton Wanderers,1,46.3,8,3,3,2,79.1,3,2,3,53.8,3,19,8,3,1
8th October 2023,Premier League,Aston Villa,1,53.7,18,4,8,6,83.5,4,10,1,57.1,2,9,19,2,0
8th October 2023,Premier League,Arsenal,1,49,12,2,6,4,86.6,0,5,2,60,0,8,7,2,0
8th October 2023,Premier League,Manchester City,0,51,4,1,2,1,86.6,2,4,0,54.5,1,7,8,3,0
7th October 2023,Premier League,Luton Town,0,33.1,12,2,6,4,67.5,2,5,4,57.7,3,16,5,2,0
7th October 2023,Premier League,Tottenham Hotspur,1,66.9,15,4,9,2,85.5,4,6,4,70,2,7,16,1,1
7th October 2023,Premier League,Burnley,1,37.6,10,3,3,4,84.1,1,7,4,62.5,2,11,8,2,0
7th October 2023,Premier League,Chelsea,4,62.4,9,5,2,2,92.3,2,3,2,59.1,2,8,10,4,0
7th October 2023,Premier League,Everton,3,47.4,25,8,11,6,78,3,8,2,42.9,3,14,15,1,0
7th October 2023,Premier League,Bournemouth,0,52.6,11,4,3,4,79.3,1,7,0,30,5,15,13,2,0
7th October 2023,Premier League,Fulham,3,60.3,20,6,8,6,80.1,2,9,2,62.5,2,8,10,1,0
7th October 2023,Premier League,Sheffield United,1,39.7,5,2,2,1,69.3,1,4,1,65,4,10,8,2,0
7th October 2023,Premier League,Manchester United,2,63.9,21,8,9,4,87.6,1,7,4,50,2,10,16,0,0
7th October 2023,Premier League,Brentford,1,36.1,11,3,7,1,72.1,1,5,0,61.1,6,17,10,5,0
7th October 2023,Premier League,Crystal Palace,0,52,8,2,4,2,87.7,2,3,0,55.6,5,7,12,0,0
7th October 2023,Premier League,Nottingham Forest,0,48,16,5,7,4,87.3,2,7,2,50,2,12,7,1,0
3rd October 2023,Premier League,Luton Town,1,48.6,18,3,10,5,68.6,0,7,3,57.1,2,14,6,4,0
3rd October 2023,Premier League,Burnley,2,51.4,14,4,8,2,71.6,1,6,3,60,1,6,13,2,0
2nd October 2023,Premier League,Fulham,0,55.7,10,3,4,3,87.9,1,8,2,43.8,2,15,11,1,0
2nd October 2023,Premier League,Chelsea,2,44.3,11,4,6,1,85.5,2,1,4,45.8,3,12,14,4,0
1st October 2023,Premier League,Nottingham Forest,1,40.9,6,1,4,1,78.6,2,1,2,64.7,3,6,10,1,1
1st October 2023,Premier League,Brentford,1,59.1,18,5,6,7,84.9,1,11,1,63.6,0,10,6,2,0
30th September 2023,Premier League,Aston Villa,6,38,19,9,4,6,78.1,2,1,0,61.9,2,19,20,4,0
30th September 2023,Premier League,Brighton and Hove Albion,1,62,11,3,3,5,89,3,3,6,68.4,4,21,19,4,0
30th September 2023,Premier League,Bournemouth,0,42.4,8,1,3,4,81.5,0,6,2,56.3,4,11,7,0,0
30th September 2023,Premier League,Arsenal,4,57.6,15,8,3,4,88.3,3,6,0,35.7,1,10,11,1,0
30th September 2023,Premier League,Everton,1,67.6,23,5,14,4,79.7,4,3,2,47.8,0,8,9,0,0
30th September 2023,Premier League,Luton Town,2,32.4,9,2,4,3,53.1,2,6,3,58.3,3,10,8,1,0
30th September 2023,Premier League,Manchester United,0,77.1,19,4,8,7,88.1,2,10,2,65.6,1,10,8,3,0
30th September 2023,Premier League,Crystal Palace,1,22.9,8,2,4,2,67,1,4,0,38.5,3,8,9,2,0
30th September 2023,Premier League,Newcastle United,2,52.8,20,8,6,6,81.2,4,5,1,66.7,2,7,15,1,0
30th September 2023,Premier League,Burnley,0,47.2,8,2,1,5,78.6,1,3,3,46.2,5,15,7,3,0
30th September 2023,Premier League,West Ham United,2,52.4,20,9,8,3,85.8,4,7,2,62.5,2,6,9,1,0
30th September 2023,Premier League,Sheffield United,0,47.6,16,2,6,8,82.5,0,4,3,71.4,6,9,6,1,0
30th September 2023,Premier League,Wolverhampton Wanderers,2,31.9,3,1,0,2,76.2,1,0,2,58.3,7,18,12,6,0
30th September 2023,Premier League,Manchester City,1,68.1,23,8,5,10,88.1,0,6,0,40,0,12,18,4,0
30th September 2023,Premier League,Tottenham Hotspur,2,64.5,24,8,4,12,91.1,2,12,4,82.6,3,11,17,5,0
30th September 2023,Premier League,Liverpool,1,35.5,12,4,5,3,77.2,1,5,1,46.7,8,17,11,4,2
24th September 2023,Premier League,Arsenal,2,46.5,13,6,4,3,84.1,1,11,2,50,3,12,18,3,0
24th September 2023,Premier League,Tottenham Hotspur,2,53.5,13,5,4,4,85.7,3,4,3,53.6,4,19,11,4,0
24th September 2023,Premier League,Brighton and Hove Albion,3,61.5,13,4,3,6,86.5,3,4,1,62.5,2,12,17,3,0
24th September 2023,Premier League,Bournemouth,1,38.5,12,4,4,4,76.6,1,4,1,43.5,2,17,12,3,0
24th September 2023,Premier League,Chelsea,0,52.7,10,4,2,4,85.8,3,5,10,65.2,6,9,10,2,1
24th September 2023,Premier League,Aston Villa,1,47.3,15,7,3,5,84.5,1,11,1,61.9,4,11,7,3,0
24th September 2023,Premier League,Liverpool,3,64,22,7,8,7,88.7,6,7,2,64.7,3,12,13,0,0
24th September 2023,Premier League,West Ham United,1,36,11,4,4,3,78.4,3,4,1,75,4,13,11,2,0
24th September 2023,Premier League,Sheffield United,0,42.2,9,1,4,4,78.6,0,2,3,31.6,7,12,8,4,0
24th September 2023,Premier League,Newcastle United,8,57.8,22,15,3,4,86.7,7,6,1,73.7,1,8,11,0,0
23rd September 2023,Premier League,Crystal Palace,0,50.5,7,3,2,2,81.7,0,3,3,64.3,5,10,15,3,0
23rd September 2023,Premier League,Fulham,0,49.5,10,5,3,2,82.9,0,2,1,40.7,3,15,10,2,0
23rd September 2023,Premier League,Luton Town,1,56.4,20,4,7,9,77.2,1,10,1,45,2,12,16,0,0
23rd September 2023,Premier League,Wolverhampton Wanderers,1,43.6,3,3,0,0,73.3,0,1,1,35.7,3,17,12,2,1
23rd September 2023,Premier League,Manchester City,2,57.4,7,4,1,2,89.3,2,6,0,75,3,5,17,3,1
23rd September 2023,Premier League,Nottingham Forest,0,42.6,10,3,3,4,85.5,1,6,3,61.1,2,17,5,7,0
23rd September 2023,Premier League,Brentford,1,57.4,12,2,6,4,82.1,2,1,3,75,3,9,11,2,0
23rd September 2023,Premier League,Everton,3,42.6,18,6,11,1,79.5,4,4,1,68.8,1,12,9,2,0
23rd September 2023,Premier League,Burnley,0,61.8,12,4,5,3,88.4,1,9,1,46.2,3,6,12,1,0
23rd September 2023,Premier League,Manchester United,1,38.2,11,4,2,5,79.9,1,5,3,76.9,4,12,6,2,0
18th September 2023,Premier League,Nottingham Forest,1,46.1,14,4,5,5,78.9,0,5,2,69.2,2,16,9,2,0
18th September 2023,Premier League,Burnley,1,53.9,10,3,4,3,83.8,1,4,2,70,3,10,16,3,1
17th September 2023,Premier League,Bournemouth,0,35.3,13,4,3,6,78.8,1,1,1,71.4,6,15,20,1,0
17th September 2023,Premier League,Chelsea,0,64.7,14,6,6,2,87.5,1,7,2,55.6,4,20,15,5,0
17th September 2023,Premier League,Everton,0,26,8,1,3,4,67.2,0,1,1,68.4,3,12,8,1,0
17th September 2023,Premier League,Arsenal,1,74,13,4,3,6,89.1,0,11,4,88.9,1,10,12,1,0
16th September 2023,Premier League,Wolverhampton Wanderers,1,34.2,11,2,7,2,80.7,0,4,1,68.2,3,10,4,1,0
16th September 2023,Premier League,Liverpool,3,65.8,16,6,7,3,87.5,4,4,0,66.7,1,4,9,3,0
16th September 2023,Premier League,Aston Villa,3,66.7,16,5,5,6,86.4,1,4,1,42.3,2,13,9,5,0
16th September 2023,Premier League,Crystal Palace,1,33.3,6,3,2,1,74.6,3,2,0,56.5,2,9,13,3,0
16th September 2023,Premier League,Fulham,1,77.6,13,2,5,6,90.6,1,6,0,52.9,2,6,13,2,0
16th September 2023,Premier League,Luton Town,0,22.4,7,2,4,1,67.6,3,2,1,65,1,14,6,2,0
16th September 2023,Premier League,Manchester United,1,43.9,14,4,4,6,85.5,1,8,4,62.5,5,8,9,2,0
16th September 2023,Premier League,Brighton and Hove Albion,3,56.1,10,8,2,0,91.1,3,1,1,47.4,3,9,8,2,0
16th September 2023,Premier League,Tottenham Hotspur,2,70.1,28,10,9,9,87.9,3,15,2,41.2,4,13,12,6,0
16th September 2023,Premier League,Sheffield United,1,29.9,7,5,1,1,68.8,1,2,3,45.5,8,14,11,5,1
16th September 2023,Premier League,West Ham United,1,31.6,6,3,2,1,86.3,2,4,1,64.3,10,7,11,3,0
16th September 2023,Premier League,Manchester City,3,68.4,29,15,5,9,92.8,7,11,0,63.6,2,11,7,2,0
16th September 2023,Premier League,Newcastle United,1,56.3,9,2,5,2,78.2,1,8,0,75,2,8,12,3,0
16th September 2023,Premier League,Brentford,0,43.7,11,2,4,5,72.2,1,3,1,63.3,1,12,8,5,0
3rd September 2023,Premier League,Crystal Palace,3,42.9,16,11,4,1,79.6,3,4,1,54.2,2,12,10,1,0
3rd September 2023,Premier League,Wolverhampton Wanderers,2,57.1,12,4,6,2,83.6,2,2,2,69.2,7,12,10,3,0
3rd September 2023,Premier League,Liverpool,3,63.7,17,4,10,3,91.5,4,7,6,64.3,3,12,7,0,0
3rd September 2023,Premier League,Aston Villa,0,36.3,9,3,6,0,81.4,0,3,1,40,2,7,12,1,0
3rd September 2023,Premier League,Arsenal,3,54.8,17,5,4,8,87.2,2,12,2,72.7,1,8,7,2,0
3rd September 2023,Premier League,Manchester United,1,45.2,10,2,1,7,84.8,0,3,1,40,2,7,8,3,0
2nd September 2023,Premier League,Sheffield United,2,45.4,13,8,4,1,74.5,1,4,1,56.3,4,11,13,1,0
2nd September 2023,Premier League,Everton,2,54.6,16,6,3,7,76,3,6,2,78.3,6,13,11,2,0
2nd September 2023,Premier League,Brentford,2,61.1,21,7,11,3,83.1,4,5,1,68.2,3,6,12,1,0
2nd September 2023,Premier League,Bournemouth,2,38.9,12,5,5,2,72.3,2,2,1,45.5,6,13,6,2,0
2nd September 2023,Premier League,Burnley,2,46.1,16,4,6,6,80.5,2,7,2,59.3,6,15,9,4,0
2nd September 2023,Premier League,Tottenham Hotspur,5,53.9,21,11,3,7,86.7,3,4,1,68.4,3,9,15,3,0
2nd September 2023,Premier League,Chelsea,0,76.1,21,2,6,13,88.6,2,8,2,43.8,2,10,9,3,0
2nd September 2023,Premier League,Nottingham Forest,1,23.9,7,3,4,0,62.2,1,0,3,47.8,2,9,10,4,0
2nd September 2023,Premier League,Manchester City,5,67.9,7,5,1,1,89.5,1,4,1,58.8,3,12,11,2,0
2nd September 2023,Premier League,Fulham,1,32.1,6,4,1,1,81,2,5,1,81.8,0,12,11,4,0
2nd September 2023,Premier League,Brighton and Hove Albion,3,55.8,15,6,5,4,89.7,0,5,5,37.5,2,14,17,4,0
2nd September 2023,Premier League,Newcastle United,1,44.2,9,2,4,3,84.3,1,3,0,50,4,17,14,4,0
1st September 2023,Premier League,Luton Town,1,38.8,16,1,10,5,72.7,3,9,0,85.7,1,8,11,1,0
1st September 2023,Premier League,West Ham United,2,61.2,9,3,4,2,83.3,2,6,6,63.6,0,13,7,1,0
27th August 2023,Premier League,Burnley,1,56.9,9,2,6,1,88.9,1,4,5,40,3,12,8,2,0
27th August 2023,Premier League,Aston Villa,3,43.1,16,6,4,6,83.7,4,6,1,73.3,1,11,12,0,0
27th August 2023,Premier League,Sheffield United,1,20.5,6,2,4,0,68,1,1,1,63.6,7,11,2,4,0
27th August 2023,Premier League,Manchester City,2,79.5,30,9,13,8,92.3,3,12,2,66.7,0,2,9,0,0
27th August 2023,Premier League,Newcastle United,1,60,23,8,11,4,86.1,0,5,0,63.2,2,16,10,1,0
27th August 2023,Premier League,Liverpool,2,40,9,4,3,2,79.9,1,9,1,58.3,7,10,15,2,1
26th August 2023,Premier League,Bournemouth,0,43.1,11,3,5,3,79.8,0,6,3,47.1,4,18,11,1,0
26th August 2023,Premier League,Tottenham Hotspur,2,56.9,17,6,7,4,88.8,4,2,0,63.6,3,11,16,3,0
26th August 2023,Premier League,Arsenal,2,71.1,19,11,5,3,90.3,3,8,4,57.1,1,6,5,0,0
26th August 2023,Premier League,Fulham,2,28.9,8,3,3,2,71.5,1,3,1,55.6,8,5,5,4,1
26th August 2023,Premier League,Brentford,1,59.8,12,1,4,7,84.7,1,8,2,66.7,4,9,15,0,0
26th August 2023,Premier League,Crystal Palace,1,40.2,15,5,4,6,81.3,0,6,2,45,0,15,9,0,0
26th August 2023,Premier League,Everton,0,46.8,15,7,6,2,82,4,7,1,61.5,2,10,14,3,0
26th August 2023,Premier League,Wolverhampton Wanderers,1,53.2,11,2,5,4,83.9,2,0,1,55.6,7,14,10,4,0
26th August 2023,Premier League,Manchester United,3,66.3,18,9,5,4,86,4,11,3,60,2,13,11,4,0
26th August 2023,Premier League,Nottingham Forest,2,33.7,9,4,3,2,72.2,1,3,2,68.4,7,11,13,4,1
26th August 2023,Premier League,Brighton and Hove Albion,1,78,25,10,5,10,89.2,1,17,1,50,4,10,9,1,0
26th August 2023,Premier League,West Ham United,3,22,12,7,4,1,67.8,3,4,2,73.3,9,9,10,3,0
25th August 2023,Premier League,Chelsea,3,67.2,19,8,6,5,92.3,4,6,0,60,1,15,11,2,0
25th August 2023,Premier League,Luton Town,0,32.8,11,1,5,5,78.4,0,4,0,55.6,5,12,15,3,0
21st August 2023,Premier League,Crystal Palace,0,46.9,14,2,5,7,86.4,1,1,0,71.4,2,14,10,2,0
21st August 2023,Premier League,Arsenal,1,53.1,14,3,7,4,86.3,2,8,2,50,2,10,13,1,1
20th August 2023,Premier League,Aston Villa,4,60.4,13,7,4,2,89.6,2,7,1,55.6,2,8,12,3,0
20th August 2023,Premier League,Everton,0,39.6,9,2,3,4,81.4,1,6,1,71.4,3,12,8,4,0
20th August 2023,Premier League,West Ham United,3,24.3,12,6,3,3,69.2,1,3,3,42.9,3,12,9,2,1
20th August 2023,Premier League,Chelsea,1,75.7,17,4,9,4,88,0,9,2,68.8,3,9,12,3,0
19th August 2023,Premier League,Fulham,0,54.6,10,2,4,4,83.5,0,5,1,90,5,13,12,2,1
19th August 2023,Premier League,Brentford,3,45.4,17,8,7,2,83.1,2,5,4,69.2,2,12,13,2,0
19th August 2023,Premier League,Liverpool,3,64.7,26,10,8,8,86,0,10,1,73.3,4,11,13,1,1
19th August 2023,Premier League,Bournemouth,1,35.3,13,5,7,1,72.6,2,2,3,61.1,8,13,10,3,0
19th August 2023,Premier League,Wolverhampton Wanderers,1,46.4,16,5,6,5,84.2,3,5,4,75,4,14,10,3,1
19th August 2023,Premier League,Brighton and Hove Albion,4,53.6,16,8,5,3,88,5,3,7,68,4,11,14,6,0
19th August 2023,Premier League,Tottenham Hotspur,2,55.7,17,6,7,4,85.3,2,5,1,60,6,9,8,1,0
19th August 2023,Premier League,Manchester United,0,44.3,22,6,7,9,82.8,4,6,4,50,5,8,9,3,0
19th August 2023,Premier League,Manchester City,1,58.7,14,4,3,7,89.3,1,3,1,63.6,1,13,11,1,0
19th August 2023,Premier League,Newcastle United,0,41.3,7,1,2,4,86.4,0,0,4,40,3,11,13,5,0
18th August 2023,Premier League,Nottingham Forest,2,49.9,16,4,7,5,78.7,1,6,3,55,2,5,9,2,0
18th August 2023,Premier League,Sheffield United,1,50.1,7,3,3,1,75.1,0,7,2,68.2,2,9,5,3,0
14th August 2023,Premier League,Manchester United,1,51,15,3,4,8,82.4,2,8,1,61.1,6,15,10,2,0
14th August 2023,Premier League,Wolverhampton Wanderers,0,49,23,6,7,10,80.9,1,7,3,43.5,2,10,14,3,0
13th August 2023,Premier League,Brentford,2,30.4,11,6,2,3,76.8,3,3,1,52.9,4,12,13,1,0
13th August 2023,Premier League,Tottenham Hotspur,2,69.6,18,6,6,6,89.7,1,6,0,62.5,4,13,11,4,0
13th August 2023,Premier League,Chelsea,1,64.9,10,4,4,2,87.4,5,4,3,69.2,0,5,13,3,0
13th August 2023,Premier League,Liverpool,1,35.1,13,1,7,5,79.8,2,4,5,47.4,4,13,5,3,0
12th August 2023,Premier League,Arsenal,2,78.3,15,7,3,5,90.1,0,8,2,78.9,1,12,12,2,0
12th August 2023,Premier League,Nottingham Forest,1,21.7,6,2,3,1,68.5,2,3,1,58.8,5,12,12,2,0
12th August 2023,Premier League,Bournemouth,1,62.9,14,5,6,3,81.8,1,10,0,35.3,1,9,12,1,0
12th August 2023,Premier League,West Ham United,1,37.1,16,3,9,4,67.8,1,4,2,63.3,4,14,9,4,0
12th August 2023,Premier League,Brighton and Hove Albion,4,71.3,27,12,10,5,91,4,6,2,76.9,2,11,12,2,0
12th August 2023,Premier League,Luton Town,1,28.7,9,3,4,2,71.2,1,7,3,70.6,8,12,9,2,0
12th August 2023,Premier League,Everton,0,40.6,19,9,6,4,78.7,3,10,6,46.2,1,12,6,0,0
12th August 2023,Premier League,Fulham,1,59.4,9,2,6,1,84.5,1,4,3,40,9,6,12,2,0
12th August 2023,Premier League,Sheffield United,0,32.2,8,1,4,3,61.8,0,5,2,50,7,18,11,3,0
12th August 2023,Premier League,Crystal Palace,1,67.8,24,8,8,8,82.9,2,5,2,42.9,1,11,18,0,0
12th August 2023,Premier League,Newcastle United,5,52.6,17,13,2,2,85.3,8,6,2,56.3,5,12,16,4,0
12th August 2023,Premier League,Aston Villa,1,47.4,16,6,7,3,85.5,1,5,0,76.9,7,17,12,4,0
11th August 2023,Premier League,Burnley,0,34.4,6,1,3,2,79.5,0,6,0,66.7,5,11,8,0,1
11th August 2023,Premier League,Manchester City,3,65.6,17,8,4,5,89.8,2,5,1,70.6,1,8,11,0,0
29th October 2023,La Liga,Real Betis,2,50.2,9,2,7,0,81.4,2,6,1,100,0,10,24,3,0
29th October 2023,La Liga,Osasuna,1,49.8,7,1,5,1,77.2,1,3,1,48.4,0,25,10,4,0
29th October 2023,La Liga,Rayo Vallecano,2,55.6,16,7,5,4,79.8,0,4,2,80,1,17,16,3,0
29th October 2023,La Liga,Real Sociedad,2,44.4,15,3,8,4,73.9,2,5,3,63.2,5,16,16,2,0
29th October 2023,La Liga,Athletic Bilbao,2,57.3,12,7,4,1,81,3,10,3,76.2,2,11,9,3,0
29th October 2023,La Liga,Valencia,2,42.7,11,5,3,3,72.4,5,4,2,68.8,5,9,11,1,0
29th October 2023,La Liga,Atletico Madrid,2,63.6,11,7,3,1,89.5,3,4,5,71.4,0,10,10,3,0
29th October 2023,La Liga,Alaves,1,36.4,8,1,4,3,82.4,0,4,1,54.5,5,11,10,2,0
28th October 2023,La Liga,Almeria,1,40.3,10,4,3,3,73.5,0,3,6,66.7,1,13,15,3,0
28th October 2023,La Liga,Las Palmas,2,59.7,10,3,5,2,83.8,2,2,1,77.8,3,19,12,1,0
28th October 2023,La Liga,Barcelona,1,52,15,3,7,5,87,0,6,1,57.1,2,15,15,2,0
28th October 2023,La Liga,Real Madrid,2,48,13,4,4,5,89.2,1,3,0,78.6,2,15,15,1,0
28th October 2023,La Liga,Real Mallorca,0,58.7,15,4,7,4,72.8,0,8,7,50,0,10,23,0,0
28th October 2023,La Liga,Getafe,0,41.3,8,0,3,5,56.2,0,3,1,50,4,25,10,1,0
28th October 2023,La Liga,Cadiz,2,34.8,10,5,3,2,66.1,3,2,3,59.4,8,17,12,6,0
28th October 2023,La Liga,Sevilla,2,65.2,20,10,7,3,84.2,1,4,4,46.7,3,14,17,4,0
27th October 2023,La Liga,Girona,1,65.6,12,2,7,3,86.9,0,10,0,63.6,2,15,12,3,0
27th October 2023,La Liga,Celta Vigo,0,34.4,4,2,0,2,74.6,0,1,0,53.3,1,12,14,2,0
23rd October 2023,La Liga,Valencia,2,61.6,12,4,5,3,87.8,1,4,4,46.2,4,16,16,0,0
23rd October 2023,La Liga,Cadiz,0,38.4,5,4,1,0,79,2,6,2,42.9,2,16,16,3,1
22nd October 2023,La Liga,Las Palmas,0,61.3,12,6,4,2,83.5,0,10,2,80,3,13,10,4,0
22nd October 2023,La Liga,Rayo Vallecano,1,38.7,12,4,7,1,74.5,0,5,2,31.6,6,11,12,1,1
22nd October 2023,La Liga,Girona,5,67,19,8,6,5,89.7,4,9,3,73.3,3,11,14,1,0
22nd October 2023,La Liga,Almeria,2,33,9,5,3,1,74.2,0,6,1,55.6,3,14,11,2,0
22nd October 2023,La Liga,Villarreal,1,68.4,12,3,4,5,89.1,0,9,2,70,6,15,9,4,0
22nd October 2023,La Liga,Alaves,1,31.6,16,7,5,4,69.2,1,3,1,73.1,2,10,13,3,0
22nd October 2023,La Liga,Barcelona,1,62.4,12,7,4,1,85.6,2,4,4,60,3,11,17,3,0
22nd October 2023,La Liga,Athletic Bilbao,0,37.6,10,3,5,2,75.1,0,7,4,70,6,18,11,3,0
21st October 2023,La Liga,Real Sociedad,1,56.7,14,6,6,2,75.4,3,2,1,83.3,6,14,16,3,0
21st October 2023,La Liga,Real Mallorca,0,43.3,18,7,7,4,69.3,1,5,5,37,5,16,13,3,0
21st October 2023,La Liga,Getafe,1,44.7,13,3,4,6,72.8,3,4,2,62.5,2,17,11,5,0
21st October 2023,La Liga,Real Betis,1,55.3,13,3,6,4,80.7,3,8,1,58.8,2,11,17,2,0
21st October 2023,La Liga,Sevilla,1,49.1,17,7,8,2,90.3,3,4,1,50,3,13,6,5,0
21st October 2023,La Liga,Real Madrid,1,50.9,14,5,5,4,89.6,5,6,1,72.7,6,6,13,2,0
21st October 2023,La Liga,Celta Vigo,0,36.2,16,3,9,4,86.2,3,7,0,60,4,10,9,3,1
21st October 2023,La Liga,Atletico Madrid,3,63.8,12,7,1,4,91.7,2,5,6,60,3,10,10,2,0
20th October 2023,La Liga,Osasuna,2,57.3,12,6,3,3,79.2,2,1,3,71.4,3,19,12,3,0
20th October 2023,La Liga,Granada,0,42.7,13,3,5,5,73.4,1,7,1,47.1,4,13,18,4,1
8th October 2023,La Liga,Villarreal,1,49,9,4,4,1,83.6,2,7,4,75,3,17,7,4,0
8th October 2023,La Liga,Las Palmas,2,51,8,5,3,0,86.2,0,2,5,58.8,3,7,14,4,0
8th October 2023,La Liga,Atletico Madrid,2,37.2,14,5,6,3,73.7,3,1,0,50,3,9,11,3,0
8th October 2023,La Liga,Real Sociedad,1,62.8,13,4,6,3,87.2,2,4,2,61.1,3,12,9,3,0
8th October 2023,La Liga,Alaves,1,38.9,15,5,8,2,74.3,1,5,1,54.5,1,13,9,3,0
8th October 2023,La Liga,Real Betis,1,61.1,6,2,3,1,84.3,1,3,1,90,5,9,11,3,1
8th October 2023,La Liga,Celta Vigo,2,74.4,26,11,7,8,84.8,1,13,3,88.9,0,14,19,1,0
8th October 2023,La Liga,Getafe,2,25.6,3,2,1,0,54.3,2,1,2,56.3,9,20,13,7,1
8th October 2023,La Liga,Granada,2,19.2,7,2,4,1,63.4,2,1,2,56.3,8,12,6,5,0
8th October 2023,La Liga,Barcelona,2,80.8,22,10,8,4,90.8,2,11,4,59.1,0,7,12,1,0
7th October 2023,La Liga,Cadiz,0,26,8,2,5,1,56.6,1,5,0,53.3,4,12,12,1,1
7th October 2023,La Liga,Girona,1,74,20,5,8,7,89.3,1,5,3,66.7,2,13,12,3,0
7th October 2023,La Liga,Real Madrid,4,66.9,19,9,7,3,91.7,3,5,2,71.4,1,9,5,2,0
7th October 2023,La Liga,Osasuna,0,33.1,7,1,3,3,81.5,1,4,1,46.7,5,6,9,2,0
7th October 2023,La Liga,Real Mallorca,1,48.5,9,5,2,2,79.1,1,3,4,57.7,2,17,11,2,0
7th October 2023,La Liga,Valencia,1,51.5,11,3,3,5,80.1,0,6,0,73.3,4,11,16,1,0
7th October 2023,La Liga,Sevilla,2,63.8,22,6,11,5,82.1,0,12,2,55.6,2,16,19,5,0
7th October 2023,La Liga,Rayo Vallecano,2,36.2,7,4,2,1,64.6,1,2,1,83.3,5,19,15,2,0
6th October 2023,La Liga,Athletic Bilbao,3,59.3,23,9,13,1,84,2,6,0,68.4,1,11,7,2,0
6th October 2023,La Liga,Almeria,0,40.7,4,1,1,2,75.3,0,2,2,57.7,6,7,11,0,0
2nd October 2023,La Liga,Las Palmas,2,73.6,16,5,4,7,89.4,0,4,2,42.9,2,13,14,2,0
2nd October 2023,La Liga,Celta Vigo,1,26.4,11,3,5,3,69.7,2,5,2,61.1,4,14,13,1,0
1st October 2023,La Liga,Almeria,3,49,17,5,9,3,77.8,3,1,0,81.3,1,18,14,2,0
1st October 2023,La Liga,Granada,3,51,19,4,10,5,79.2,1,5,4,20,2,14,17,1,0
1st October 2023,La Liga,Alaves,0,45.6,17,3,6,8,73.6,4,4,5,83.3,1,13,12,2,1
1st October 2023,La Liga,Osasuna,2,54.4,10,3,5,2,79.4,3,2,1,66.7,3,13,12,3,0
1st October 2023,La Liga,Atletico Madrid,3,70,18,9,7,2,87.2,6,5,2,52.9,2,5,10,1,0
1st October 2023,La Liga,Cadiz,2,30,8,4,3,1,71.3,1,3,0,52.9,6,10,5,3,0
1st October 2023,La Liga,Real Betis,3,55.5,15,7,4,4,86.7,3,5,5,76.9,2,11,10,2,0
1st October 2023,La Liga,Valencia,0,44.5,9,2,7,0,79.7,0,3,2,57.9,4,10,11,2,0
30th September 2023,La Liga,Getafe,0,64.5,22,9,11,2,85,0,6,2,54.5,0,19,11,2,0
30th September 2023,La Liga,Villarreal,0,35.5,3,0,2,1,69.5,0,4,1,68.8,9,11,19,4,1
30th September 2023,La Liga,Rayo Vallecano,2,60.7,19,5,9,5,81.9,1,5,1,60,2,12,19,2,0
30th September 2023,La Liga,Real Mallorca,2,39.3,9,4,3,2,66.8,2,0,2,68.4,3,20,12,5,0
30th September 2023,La Liga,Girona,0,52.1,13,3,8,2,90.4,2,1,0,62.5,4,13,13,2,0
30th September 2023,La Liga,Real Madrid,3,47.9,14,7,3,4,90.2,4,4,0,59.1,3,14,12,2,1
30th September 2023,La Liga,Real Sociedad,3,51,8,5,1,2,76,2,5,2,52.9,3,20,9,2,0
30th September 2023,La Liga,Athletic Bilbao,0,49,18,3,10,5,74.9,3,7,2,68.8,2,9,19,2,0
29th September 2023,La Liga,Barcelona,1,58.9,18,4,5,9,86.1,4,13,1,81.8,3,11,15,2,0
29th September 2023,La Liga,Sevilla,0,41.1,12,3,8,1,77,1,3,3,80,4,15,11,3,0
28th September 2023,La Liga,Celta Vigo,1,45.8,8,0,4,4,79.2,0,2,0,50,8,9,11,4,1
28th September 2023,La Liga,Alaves,1,54.2,21,11,7,3,85.8,2,8,2,75,0,11,8,3,0
28th September 2023,La Liga,Granada,1,38.9,18,7,7,4,76.6,2,5,2,83.3,2,14,10,2,0
28th September 2023,La Liga,Real Betis,1,61.1,13,3,6,4,85.3,1,7,2,15.4,6,10,14,1,0
28th September 2023,La Liga,Osasuna,0,54.5,13,2,8,3,83.2,1,7,2,45.5,1,14,4,3,1
28th September 2023,La Liga,Atletico Madrid,2,45.5,5,3,2,0,78.6,2,2,5,75,2,4,13,1,1
27th September 2023,La Liga,Athletic Bilbao,2,48.3,8,4,1,3,77,1,5,6,71.4,3,9,19,5,1
27th September 2023,La Liga,Getafe,2,51.7,13,5,4,4,74.2,2,4,1,50,2,19,9,6,0
27th September 2023,La Liga,Real Madrid,2,47,21,9,3,9,88.6,5,7,6,66.7,2,7,7,0,0
27th September 2023,La Liga,Las Palmas,0,53,16,2,8,6,91.2,0,2,2,58.3,7,9,7,1,0
27th September 2023,La Liga,Villarreal,1,53.2,14,3,6,5,88.7,1,5,4,70.6,3,9,11,3,0
27th September 2023,La Liga,Girona,2,46.8,17,5,9,3,87.9,3,6,0,81.3,2,11,9,2,0
27th September 2023,La Liga,Cadiz,0,51.8,9,2,6,1,72.8,1,1,1,66.7,4,16,12,5,0
27th September 2023,La Liga,Rayo Vallecano,0,48.2,9,4,5,0,70.1,0,2,2,52.9,2,13,14,6,1
27th September 2023,La Liga,Valencia,0,37.1,9,2,4,3,72.7,0,0,3,55.6,0,14,16,2,1
27th September 2023,La Liga,Real Sociedad,1,62.9,2,1,1,0,85.1,1,2,2,68.8,2,17,13,7,0
26th September 2023,La Liga,Sevilla,5,46.6,18,9,4,5,80.5,4,9,0,64.7,0,15,15,3,0
26th September 2023,La Liga,Almeria,1,53.4,10,1,7,2,81.7,1,4,2,58.3,4,16,14,2,0
26th September 2023,La Liga,Real Mallorca,2,30.4,10,5,2,3,61.9,2,7,6,53.6,2,19,7,4,1
26th September 2023,La Liga,Barcelona,2,69.6,10,4,5,1,85.1,3,2,1,46.2,3,7,18,1,0
24th September 2023,La Liga,Real Sociedad,4,61.1,10,6,2,2,81.4,4,2,3,36.4,4,13,23,3,0
24th September 2023,La Liga,Getafe,3,38.9,10,7,3,0,67.7,3,1,1,57.9,2,24,12,2,0
24th September 2023,La Liga,Rayo Vallecano,1,40.9,11,6,3,2,78.5,1,2,6,71.4,5,20,16,2,0
24th September 2023,La Liga,Villarreal,1,59.1,13,6,6,1,85.7,1,8,2,66.7,5,18,18,1,1
24th September 2023,La Liga,Las Palmas,1,57.6,10,3,6,1,82.1,1,6,4,56.5,1,13,19,4,1
24th September 2023,La Liga,Granada,0,42.4,2,1,1,0,69.1,0,7,5,31.3,2,19,12,4,0
24th September 2023,La Liga,Real Betis,1,63.2,21,7,11,3,90.6,5,11,1,58.3,0,10,13,2,0
24th September 2023,La Liga,Cadiz,1,36.8,5,1,3,1,77.3,0,8,5,51.9,6,14,10,3,0
24th September 2023,La Liga,Atletico Madrid,3,36.4,10,4,3,3,82.8,3,6,1,76,4,13,10,1,0
24th September 2023,La Liga,Real Madrid,1,63.6,20,5,8,7,93,0,11,1,54.5,1,10,13,3,0
23rd September 2023,La Liga,Girona,5,56.4,23,10,10,3,87.9,5,6,1,50,2,10,12,1,0
23rd September 2023,La Liga,Real Mallorca,3,43.6,15,5,5,5,84.7,2,5,3,66.7,4,12,8,5,0
23rd September 2023,La Liga,Osasuna,0,43.5,16,2,7,7,61.8,2,7,2,60,3,11,6,2,0
23rd September 2023,La Liga,Sevilla,0,56.5,15,3,10,2,70.3,0,4,4,73.9,2,7,11,3,0
23rd September 2023,La Liga,Barcelona,3,74.1,15,6,6,3,91.2,4,2,2,54.5,5,10,11,2,0
23rd September 2023,La Liga,Celta Vigo,2,25.9,13,7,4,2,73.8,2,3,0,75,3,11,9,1,0
23rd September 2023,La Liga,Almeria,2,61.3,17,10,5,2,84.9,3,8,3,80,3,12,10,4,0
23rd September 2023,La Liga,Valencia,2,38.7,7,5,1,1,72.9,2,3,1,60,8,10,12,2,0
22nd September 2023,La Liga,Alaves,0,43.3,15,5,6,4,72.4,3,3,4,44.4,1,13,9,2,0
22nd September 2023,La Liga,Athletic Bilbao,2,56.7,11,3,6,2,79.8,3,4,0,76.9,5,9,12,2,0
18th September 2023,La Liga,Granada,2,42.2,12,5,5,2,79.4,3,4,3,52.6,3,13,19,3,0
18th September 2023,La Liga,Girona,4,57.8,13,7,2,4,85.6,3,5,5,47.6,3,21,11,3,0
17th September 2023,La Liga,Getafe,3,45,11,6,2,3,67.2,1,6,0,55.6,1,15,11,6,1
17th September 2023,La Liga,Osasuna,2,55,8,3,5,0,73.9,1,3,7,60,3,11,15,2,0
17th September 2023,La Liga,Villarreal,2,62.8,10,4,2,4,86.3,2,7,1,33.3,6,16,6,2,0
17th September 2023,La Liga,Almeria,1,37.2,17,7,8,2,75.9,3,6,1,55.6,2,6,16,3,0
17th September 2023,La Liga,Sevilla,1,43.6,26,9,10,7,74.9,2,7,6,68,2,13,11,3,0
17th September 2023,La Liga,Las Palmas,0,56.4,14,2,8,4,81.9,1,3,0,62.5,8,12,12,5,0
17th September 2023,La Liga,Real Madrid,2,51.6,17,8,5,4,87.4,4,4,3,50,4,11,13,3,0
17th September 2023,La Liga,Real Sociedad,1,48.4,15,5,6,4,87.7,2,3,2,60,6,14,11,2,0
16th September 2023,La Liga,Athletic Bilbao,3,65.6,20,9,9,2,77.1,4,5,1,75,4,10,19,1,0
16th September 2023,La Liga,Cadiz,0,34.4,5,4,0,1,63.8,0,4,4,50,5,20,10,4,0
16th September 2023,La Liga,Valencia,3,37.2,12,8,1,3,78,3,5,0,55.6,3,13,16,1,0
16th September 2023,La Liga,Atletico Madrid,0,62.8,11,3,5,3,84.3,0,8,0,66.7,5,17,12,5,0
16th September 2023,La Liga,Celta Vigo,0,60.7,16,4,9,3,82.2,4,10,2,57.1,2,9,15,1,0
16th September 2023,La Liga,Real Mallorca,1,39.3,7,4,3,0,75.8,1,1,0,52.9,4,15,9,3,0
16th September 2023,La Liga,Barcelona,5,65.4,17,9,6,2,90.8,3,9,3,54.5,2,9,10,1,0
16th September 2023,La Liga,Real Betis,0,34.6,11,2,8,1,83.8,1,5,3,62.5,4,10,9,2,0
15th September 2023,La Liga,Rayo Vallecano,2,51.6,20,11,6,3,74,2,5,0,60,1,15,13,2,0
15th September 2023,La Liga,Alaves,0,48.4,9,1,5,3,71.3,0,3,1,52.4,9,14,15,3,0
3rd September 2023,La Liga,Girona,1,46.1,11,6,4,1,86.6,2,3,4,72.2,5,15,10,3,0
3rd September 2023,La Liga,Las Palmas,0,53.9,10,5,1,4,86.2,2,5,0,73.3,5,10,15,3,0
3rd September 2023,La Liga,Real Mallorca,0,33.3,8,2,2,4,58.2,0,3,5,52,3,12,16,0,0
3rd September 2023,La Liga,Athletic Bilbao,0,66.7,11,3,4,4,81.4,0,5,4,57.1,1,17,12,1,0
3rd September 2023,La Liga,Osasuna,1,30.2,11,3,2,6,76.1,1,8,2,56.3,2,6,16,1,1
3rd September 2023,La Liga,Barcelona,2,69.8,9,4,3,2,90.6,0,5,2,70,2,16,6,3,0
2nd September 2023,La Liga,Real Sociedad,5,61.8,15,6,7,2,84.9,4,2,8,52.9,3,15,14,1,0
2nd September 2023,La Liga,Granada,3,38.2,8,5,1,2,71.1,1,5,5,60,2,14,14,5,0
2nd September 2023,La Liga,Real Madrid,2,76.2,26,12,9,5,88.5,1,11,2,69.2,1,12,15,2,0
2nd September 2023,La Liga,Getafe,1,23.8,6,2,2,2,66.8,0,1,0,42.9,10,16,11,6,0
2nd September 2023,La Liga,Alaves,1,38.9,7,1,4,2,69.7,2,1,3,69.2,4,18,9,4,0
2nd September 2023,La Liga,Valencia,0,61.1,9,4,3,2,82.9,1,2,0,47.1,1,9,17,2,0
2nd September 2023,La Liga,Real Betis,1,56.2,14,5,7,2,84.8,0,2,2,60,6,22,17,3,0
2nd September 2023,La Liga,Rayo Vallecano,0,43.8,15,6,4,5,76.7,1,3,4,54.5,5,20,21,5,0
1st September 2023,La Liga,Cadiz,3,42.4,18,4,6,8,78.4,0,7,2,66.7,2,21,14,5,0
1st September 2023,La Liga,Villarreal,1,57.6,7,3,2,2,83.7,0,3,2,75,1,15,20,4,1
1st September 2023,La Liga,Almeria,2,63.2,16,5,8,3,88.4,5,6,1,58.3,4,9,9,1,0
1st September 2023,La Liga,Celta Vigo,3,36.8,14,8,4,2,78.9,2,5,3,55.6,3,9,8,1,0
28th August 2023,La Liga,Getafe,1,46.8,15,4,9,2,65.5,3,4,0,71.4,1,13,14,1,0
28th August 2023,La Liga,Alaves,0,53.2,16,2,9,5,67.7,1,5,3,81.3,3,15,13,2,0
28th August 2023,La Liga,Rayo Vallecano,0,56.2,12,3,7,2,77.8,0,8,3,46.7,3,19,14,4,0
28th August 2023,La Liga,Atletico Madrid,7,43.8,17,10,4,3,74.1,6,3,1,45,3,17,16,3,0
27th August 2023,La Liga,Villarreal,3,39.1,13,6,3,4,85.6,4,2,5,43.8,7,12,14,3,0
27th August 2023,La Liga,Barcelona,4,60.9,21,11,4,6,91.2,3,6,3,66.7,3,14,11,3,0
27th August 2023,La Liga,Valencia,1,65,16,4,10,2,83.9,2,6,3,78.6,0,13,12,3,0
27th August 2023,La Liga,Osasuna,2,35,7,2,3,2,67.5,1,3,1,78.6,3,12,13,4,0
27th August 2023,La Liga,Athletic Bilbao,4,46.9,14,6,5,3,75.8,1,5,2,50,3,23,11,4,0
27th August 2023,La Liga,Real Betis,2,53.1,9,4,3,2,78.8,0,3,2,57.9,2,11,21,2,0
26th August 2023,La Liga,Cadiz,1,51.8,11,3,4,4,77.1,1,7,0,72.7,1,16,22,0,1
26th August 2023,La Liga,Almeria,1,48.2,5,2,2,1,75.9,0,3,1,66.7,2,22,16,3,1
26th August 2023,La Liga,Granada,3,52.5,10,4,3,3,78.2,2,5,1,71.4,3,11,24,2,0
26th August 2023,La Liga,Real Mallorca,2,47.5,10,5,4,1,76.4,3,3,1,66.7,1,27,11,7,0
26th August 2023,La Liga,Sevilla,1,50.9,21,4,13,4,80,2,6,4,94.4,1,11,17,2,0
26th August 2023,La Liga,Girona,2,49.1,8,3,5,0,80.1,3,6,1,72.7,4,18,11,1,0
25th August 2023,La Liga,Las Palmas,0,51.9,11,5,3,3,80.9,2,5,3,52.9,1,7,28,1,0
25th August 2023,La Liga,Real Sociedad,0,48.1,8,1,4,3,80.2,2,7,4,58.3,5,29,6,4,0
25th August 2023,La Liga,Celta Vigo,0,36.5,13,4,6,3,79.1,1,3,0,53.3,2,19,14,2,0
25th August 2023,La Liga,Real Madrid,1,63.5,10,3,5,2,89.4,1,5,3,75,4,14,19,3,0
21st August 2023,La Liga,Alaves,4,33.1,14,7,7,0,61.9,4,4,0,52.9,0,14,12,1,0
21st August 2023,La Liga,Sevilla,3,66.9,12,2,4,6,84.1,0,4,1,64.3,3,13,14,2,0
21st August 2023,La Liga,Granada,0,48.8,14,7,5,2,77.2,0,5,1,61.1,7,14,10,2,1
21st August 2023,La Liga,Rayo Vallecano,2,51.2,17,9,6,2,77.1,3,6,7,55.6,7,11,13,1,0
20th August 2023,La Liga,Girona,3,64.8,7,6,0,1,86.2,2,3,3,68.8,2,11,19,2,0
20th August 2023,La Liga,Getafe,0,35.2,9,2,6,1,69,1,2,2,52.4,3,20,10,5,0
20th August 2023,La Liga,Barcelona,2,75,24,10,6,8,91.3,5,10,1,81.8,1,9,19,4,0
20th August 2023,La Liga,Cadiz,0,25,10,1,7,2,67.9,1,2,1,54.5,8,22,9,3,0
20th August 2023,La Liga,Real Betis,0,52.9,14,0,8,6,88,1,2,3,66.7,1,10,8,2,0
20th August 2023,La Liga,Atletico Madrid,0,47.1,5,1,2,2,85.6,0,7,2,42.9,0,8,9,1,0
19th August 2023,La Liga,Real Sociedad,1,52.3,11,2,5,4,75.1,1,9,0,83.3,6,12,12,2,0
19th August 2023,La Liga,Celta Vigo,1,47.7,17,6,6,5,73.9,2,7,3,69.2,1,12,11,1,0
19th August 2023,La Liga,Almeria,1,43.4,20,8,8,4,85.7,3,4,1,47.1,6,10,13,1,0
19th August 2023,La Liga,Real Madrid,3,56.6,25,9,11,5,91.4,3,5,4,57.1,7,13,9,0,0
19th August 2023,La Liga,Osasuna,0,62.4,18,7,5,6,81.5,2,5,2,53.8,0,9,14,1,1
19th August 2023,La Liga,Athletic Bilbao,2,37.6,8,2,4,2,70.1,4,3,0,50,7,14,9,3,1
18th August 2023,La Liga,Real Mallorca,0,39.8,8,1,4,3,84.2,0,6,6,63,3,12,9,2,0
18th August 2023,La Liga,Villarreal,1,60.2,15,3,7,5,89.6,1,5,1,73.3,1,11,12,4,0
18th August 2023,La Liga,Valencia,1,38.5,9,4,2,3,79.5,2,6,2,56.3,1,12,5,0,0
18th August 2023,La Liga,Las Palmas,0,61.5,7,1,4,2,86.3,2,4,1,68.4,3,6,12,0,0
14th August 2023,La Liga,Cadiz,1,44.3,12,3,6,3,69.1,0,2,2,69.2,2,19,15,3,1
14th August 2023,La Liga,Alaves,0,55.7,10,2,5,3,75.1,0,4,2,66.7,2,15,19,2,0
14th August 2023,La Liga,Atletico Madrid,3,45.3,14,6,6,2,82,3,3,3,53.3,3,15,9,3,0
14th August 2023,La Liga,Granada,1,54.7,7,4,0,3,82.5,2,3,0,45,3,9,14,1,0
13th August 2023,La Liga,Celta Vigo,0,52.5,11,1,7,3,82.1,0,7,6,62.5,3,11,14,1,0
13th August 2023,La Liga,Osasuna,2,47.5,11,5,5,1,74.8,2,2,1,77.8,0,15,10,1,0
13th August 2023,La Liga,Villarreal,1,63.4,18,5,6,7,85.9,1,9,2,73.9,3,13,16,1,0
13th August 2023,La Liga,Real Betis,2,36.6,12,5,2,5,79.2,1,4,1,68,4,17,13,3,0
13th August 2023,La Liga,Getafe,0,25.3,5,2,3,0,71.7,2,3,4,54.5,3,20,9,6,1
13th August 2023,La Liga,Barcelona,0,74.7,14,4,7,3,90.4,4,4,2,66.7,2,11,19,2,1
12th August 2023,La Liga,Real Sociedad,1,47.6,15,2,11,2,81.4,2,4,0,88.2,0,22,7,2,0
12th August 2023,La Liga,Girona,1,52.4,6,1,2,3,82.4,2,1,3,46.7,1,9,22,5,0
12th August 2023,La Liga,Las Palmas,1,69,5,2,1,2,86.3,0,3,1,35.7,1,11,19,3,0
12th August 2023,La Liga,Real Mallorca,1,31,11,2,7,2,69.8,0,6,6,64,1,22,11,2,0
12th August 2023,La Liga,Athletic Bilbao,0,45.9,7,1,3,3,85.7,0,7,2,56.3,6,18,5,3,0
12th August 2023,La Liga,Real Madrid,2,54.1,14,8,3,3,87.6,1,5,2,64,1,6,16,1,0
11th August 2023,La Liga,Almeria,0,60.2,19,5,11,3,87.9,2,8,1,70.6,2,16,25,1,0
11th August 2023,La Liga,Rayo Vallecano,2,39.8,10,4,2,4,77.5,0,3,1,52.6,5,25,14,3,0
11th August 2023,La Liga,Sevilla,1,54.9,9,3,5,1,74.8,1,8,3,52.2,1,15,14,3,1
11th August 2023,La Liga,Valencia,2,45.1,10,3,6,1,71.1,2,1,0,54.2,2,17,15,2,0
29th October 2023,Ligue 1,Brest,2,43.9,21,5,8,8,80.6,3,9,0,93.3,7,14,8,3,0
29th October 2023,Ligue 1,Paris Saint-Germain,3,56.1,17,10,3,4,87.4,1,5,2,60,3,10,14,4,0
29th October 2023,Ligue 1,Lille,2,41.3,7,5,0,2,75.4,1,2,0,62.5,6,17,13,1,0
29th October 2023,Ligue 1,Monaco,0,58.7,16,6,8,2,82.4,0,8,5,92.9,3,13,17,2,0
29th October 2023,Ligue 1,Metz,0,40.9,9,3,4,2,76.1,1,5,3,50,2,13,13,2,0
29th October 2023,Ligue 1,Le Havre,0,59.1,12,2,5,5,83.4,1,6,2,41.2,3,15,11,2,0
29th October 2023,Ligue 1,Montpellier,3,38.7,19,6,10,3,72.9,4,3,2,71.4,5,13,14,2,0
29th October 2023,Ligue 1,Toulouse,0,61.3,17,5,6,6,82,0,4,1,66.7,3,15,13,3,0
29th October 2023,Ligue 1,Rennes,1,60.8,20,3,9,8,84.8,0,7,4,26.7,2,14,16,2,0
29th October 2023,Ligue 1,Strasbourg,1,39.2,11,3,5,3,78.4,1,5,2,68.4,2,16,14,2,0
28th October 2023,Ligue 1,Reims,1,56.5,12,5,4,3,85.7,1,4,2,47.4,1,16,7,1,0
28th October 2023,Ligue 1,Lorient,0,43.5,9,1,4,4,79.6,0,4,0,66.7,4,7,15,3,0
28th October 2023,Ligue 1,RC Lens,4,53.8,11,7,3,1,84.2,5,4,3,56.3,1,12,15,1,0
28th October 2023,Ligue 1,Nantes,0,46.2,11,1,7,3,84.1,2,1,0,78.6,3,17,12,2,0
27th October 2023,Ligue 1,Clermont,0,44.6,8,3,4,1,77.8,0,2,2,47.4,3,14,11,0,0
27th October 2023,Ligue 1,Nice,1,55.4,12,5,4,3,86.1,1,2,2,81.8,3,12,12,2,0
22nd October 2023,Ligue 1,Lorient,2,30.7,5,4,1,0,72.9,0,6,0,69,5,5,13,0,0
22nd October 2023,Ligue 1,Rennes,1,69.3,20,6,5,9,87.9,0,16,2,63.2,3,14,5,2,0
22nd October 2023,Ligue 1,Lille,1,43.3,6,4,1,1,72.5,4,3,0,76.7,1,12,13,2,0
22nd October 2023,Ligue 1,Brest,0,56.7,9,1,6,2,82,1,5,1,57.1,3,13,12,3,0
22nd October 2023,Ligue 1,Nantes,2,56.8,14,5,7,2,85.1,1,4,1,88.2,6,16,12,2,0
22nd October 2023,Ligue 1,Montpellier,0,43.2,11,6,2,3,79.4,0,3,0,75,3,13,16,1,0
22nd October 2023,Ligue 1,Toulouse,1,49.3,11,5,4,2,80.6,2,5,1,26.7,2,18,13,2,0
22nd October 2023,Ligue 1,Reims,1,50.7,15,4,6,5,78.5,0,7,2,59.4,4,15,17,0,0
22nd October 2023,Ligue 1,Monaco,2,75.9,27,13,9,5,88.1,2,10,2,61.9,3,12,9,1,0
22nd October 2023,Ligue 1,Metz,1,24.1,8,4,3,1,64.1,1,2,1,42.1,11,11,12,3,0
22nd October 2023,Ligue 1,Lyon,1,63.4,25,6,11,8,83.4,1,10,1,56.5,3,16,12,4,0
22nd October 2023,Ligue 1,Clermont,2,36.6,12,5,1,6,75.8,2,3,1,66.7,6,12,16,5,0
21st October 2023,Ligue 1,Paris Saint-Germain,3,77.5,8,4,3,1,93.1,3,1,4,65.2,1,11,9,2,0
21st October 2023,Ligue 1,Strasbourg,0,22.5,7,1,4,2,75.2,0,6,1,22.2,1,10,11,0,0
21st October 2023,Ligue 1,Nice,1,50,10,2,5,3,86.4,1,4,0,42.9,1,13,5,4,0
21st October 2023,Ligue 1,Marseille,0,50,9,1,6,2,85.7,2,2,3,88.2,1,6,13,1,1
20th October 2023,Ligue 1,Le Havre,0,39.2,14,5,7,2,76.7,3,3,1,61.5,7,16,9,2,0
20th October 2023,Ligue 1,RC Lens,0,60.8,13,7,3,3,83.7,2,3,4,50,4,9,16,3,0
8th October 2023,Ligue 1,Marseille,3,64.2,14,6,5,3,91.6,3,4,1,64.3,1,6,16,0,0
8th October 2023,Ligue 1,Le Havre,0,35.8,7,1,5,1,84.2,0,3,1,52.6,4,16,6,1,1
8th October 2023,Ligue 1,Brest,1,54.8,13,2,7,4,78.9,1,3,0,66.7,2,18,18,2,0
8th October 2023,Ligue 1,Toulouse,1,45.2,9,3,1,5,77.2,3,5,1,75,1,18,16,2,0
8th October 2023,Ligue 1,Lyon,3,49.4,9,6,1,2,80,2,5,1,70.6,2,22,10,0,0
8th October 2023,Ligue 1,Lorient,3,50.6,6,5,1,0,81.4,1,2,0,72.7,3,10,22,0,0
8th October 2023,Ligue 1,RC Lens,1,44.3,14,5,5,4,80.3,3,8,3,33.3,2,14,14,2,0
8th October 2023,Ligue 1,Lille,1,55.7,8,3,3,2,81.9,4,5,0,77.8,4,16,13,4,0
8th October 2023,Ligue 1,Rennes,1,41.6,14,4,8,2,82.5,2,1,1,60,4,12,15,1,0
8th October 2023,Ligue 1,Paris Saint-Germain,3,58.4,17,7,3,7,88.9,4,7,1,78.3,3,15,12,0,0
7th October 2023,Ligue 1,Metz,0,31.9,10,3,2,5,80.4,0,1,3,75,3,9,8,0,0
7th October 2023,Ligue 1,Nice,1,68.1,7,4,1,2,89.8,1,4,0,64.3,3,10,9,1,0
7th October 2023,Ligue 1,Reims,1,53.9,11,4,3,4,79.3,2,10,3,61.5,1,10,12,0,0
7th October 2023,Ligue 1,Monaco,3,46.1,11,4,4,3,77.1,1,5,5,62.5,3,14,10,3,0
6th October 2023,Ligue 1,Strasbourg,1,43.7,11,3,5,3,82.1,1,3,0,63.2,5,15,12,3,0
6th October 2023,Ligue 1,Nantes,2,56.3,16,7,5,4,85.1,3,11,2,61.5,2,12,15,1,0
1st October 2023,Ligue 1,Reims,2,49.5,8,3,4,1,83.7,3,1,1,47.8,6,19,14,2,0
1st October 2023,Ligue 1,Lyon,0,50.5,11,6,1,4,84.3,0,5,2,44.4,2,14,18,2,0
1st October 2023,Ligue 1,Le Havre,0,37,5,0,4,1,83.4,2,6,6,44.4,5,18,6,0,0
1st October 2023,Ligue 1,Lille,2,63,16,6,6,4,90.7,1,6,1,77.8,0,6,18,0,0
1st October 2023,Ligue 1,Nice,0,53.6,12,1,8,3,84.1,1,6,0,53.8,2,13,9,1,0
1st October 2023,Ligue 1,Brest,0,46.4,7,2,3,2,76.9,0,4,2,66.7,1,9,12,3,0
1st October 2023,Ligue 1,Toulouse,3,66.2,15,10,3,2,87.7,2,4,3,62.5,3,10,7,3,0
1st October 2023,Ligue 1,Metz,0,33.8,8,3,3,2,75.7,1,6,0,81.8,7,7,9,0,0
1st October 2023,Ligue 1,Lorient,0,50.5,14,3,4,7,87.3,0,8,1,66.7,5,13,5,2,0
1st October 2023,Ligue 1,Montpellier,3,49.5,14,8,4,2,86.1,2,3,1,72.7,3,6,12,1,0
1st October 2023,Ligue 1,Rennes,3,58.5,16,5,10,1,87.8,0,6,1,50,2,11,17,3,0
1st October 2023,Ligue 1,Nantes,1,41.5,10,3,3,4,79.4,1,4,5,45,2,17,11,6,1
30th September 2023,Ligue 1,Clermont,0,33.2,12,3,3,6,74.8,0,6,1,72.2,10,11,15,2,0
30th September 2023,Ligue 1,Paris Saint-Germain,0,66.8,21,10,6,5,88,5,9,0,61.5,3,16,11,3,0
30th September 2023,Ligue 1,Monaco,3,46,10,7,2,1,77.6,2,2,1,52.6,2,17,13,4,0
30th September 2023,Ligue 1,Marseille,2,54,8,4,3,1,78.8,2,6,5,33.3,4,15,17,4,0
29th September 2023,Ligue 1,Strasbourg,0,47.9,8,2,5,1,84.2,0,2,0,62.5,1,16,12,2,0
29th September 2023,Ligue 1,RC Lens,1,52.1,9,2,5,2,85,1,3,6,62.5,2,13,16,4,0
26th September 2023,Ligue 1,Lille,1,69.6,14,3,7,4,87.5,2,4,3,85.7,2,4,18,1,0
26th September 2023,Ligue 1,Reims,2,30.4,4,4,0,0,68.7,2,2,5,52.2,2,19,4,2,0
24th September 2023,Ligue 1,Metz,0,51.8,13,1,6,6,85.3,1,1,3,65.2,0,16,12,2,0
24th September 2023,Ligue 1,Strasbourg,1,48.2,4,1,2,1,87.6,1,1,0,52.9,1,15,16,0,0
24th September 2023,Ligue 1,Le Havre,2,31.9,9,3,3,3,70.5,2,1,0,41.7,3,15,15,2,0
24th September 2023,Ligue 1,Clermont,1,68.1,11,4,2,5,87.1,0,3,1,44.4,1,17,13,3,0
24th September 2023,Ligue 1,RC Lens,2,61.4,27,7,8,12,85.7,4,9,3,60,1,16,15,2,0
24th September 2023,Ligue 1,Toulouse,1,38.6,7,2,3,2,74.8,1,4,1,69.2,5,15,16,1,0
24th September 2023,Ligue 1,Montpellier,0,36.7,13,4,4,5,66.1,1,3,4,70.6,6,10,14,2,0
24th September 2023,Ligue 1,Rennes,0,63.3,18,6,7,5,82,1,6,0,77.8,4,15,9,1,0
24th September 2023,Ligue 1,Paris Saint-Germain,4,77,15,5,5,5,91,1,8,1,45.5,0,11,14,0,0
24th September 2023,Ligue 1,Marseille,0,23,6,0,5,1,67.2,1,3,2,70,1,14,11,3,0
23rd September 2023,Ligue 1,Nantes,5,44.2,19,9,6,4,85.4,1,4,0,60,4,8,16,1,0
23rd September 2023,Ligue 1,Lorient,3,55.8,10,7,2,1,87.9,3,2,0,35.7,4,17,8,3,0
23rd September 2023,Ligue 1,Brest,1,56.5,27,11,11,5,76.2,4,10,1,71.4,3,17,15,3,0
23rd September 2023,Ligue 1,Lyon,0,43.5,6,3,2,1,71.7,0,1,0,73.7,10,16,13,1,0
22nd September 2023,Ligue 1,Monaco,0,54.5,9,3,3,3,84,0,5,3,57.1,6,13,15,1,0
22nd September 2023,Ligue 1,Nice,1,45.5,13,7,5,1,86,1,2,0,64.3,3,15,13,1,0
17th September 2023,Ligue 1,Lorient,2,41,10,3,4,3,82.6,2,8,2,52.6,4,13,14,0,0
17th September 2023,Ligue 1,Monaco,2,59,20,7,8,5,87.2,1,6,2,38.5,1,14,13,2,0
17th September 2023,Ligue 1,Clermont,0,51.5,16,3,8,5,77,0,6,3,50,4,16,14,2,0
17th September 2023,Ligue 1,Nantes,1,48.5,8,5,2,1,74.6,2,3,0,71.4,3,16,15,3,0
17th September 2023,Ligue 1,Reims,1,52,13,7,5,1,78.3,2,8,3,50,3,7,9,2,0
17th September 2023,Ligue 1,Brest,2,48,18,7,4,7,73.6,1,8,0,61.1,6,12,6,4,0
17th September 2023,Ligue 1,Strasbourg,2,44.5,14,7,6,1,81.4,3,2,0,61.1,2,17,14,4,0
17th September 2023,Ligue 1,Montpellier,2,55.5,10,4,4,2,84.6,1,4,1,45,6,18,17,6,0
17th September 2023,Ligue 1,Marseille,0,60.4,24,6,9,9,82.7,0,6,1,56.3,3,9,11,2,0
17th September 2023,Ligue 1,Toulouse,0,39.6,10,3,5,2,76.4,2,1,3,50,6,11,8,5,0
17th September 2023,Ligue 1,Lyon,0,57.7,23,7,8,8,86.6,2,6,3,55.6,0,13,12,3,0
17th September 2023,Ligue 1,Le Havre,0,42.3,7,0,4,3,80.4,1,1,2,46.2,7,12,13,2,0
16th September 2023,Ligue 1,Rennes,2,47.1,7,4,3,0,84.1,1,5,2,75,4,11,16,1,0
16th September 2023,Ligue 1,Lille,2,52.9,10,6,1,3,83.4,2,2,1,76,2,16,9,4,0
16th September 2023,Ligue 1,RC Lens,0,75,31,10,11,10,87.7,0,9,3,75,1,12,11,1,0
16th September 2023,Ligue 1,Metz,1,25,2,2,0,0,66.4,0,1,0,46.2,10,12,12,2,0
15th September 2023,Ligue 1,Paris Saint-Germain,2,69.2,12,3,6,3,87.7,2,4,2,72.2,5,8,17,2,0
15th September 2023,Ligue 1,Nice,3,30.8,14,8,2,4,75,4,3,0,64.7,1,17,7,5,0
3rd September 2023,Ligue 1,Toulouse,2,36.7,9,5,1,3,74.4,0,0,0,75,0,19,17,1,0
3rd September 2023,Ligue 1,Clermont,2,63.3,15,3,6,6,84.4,0,8,2,80,3,17,18,3,0
3rd September 2023,Ligue 1,Le Havre,3,43.3,17,6,8,3,85.7,2,5,0,28.6,2,10,7,0,0
3rd September 2023,Ligue 1,Lorient,0,56.7,9,2,2,5,90.9,1,4,2,55.6,3,7,10,0,0
3rd September 2023,Ligue 1,Lille,1,59.9,15,6,6,3,85.9,1,5,0,76.5,4,15,11,2,0
3rd September 2023,Ligue 1,Montpellier,0,40.1,7,4,3,0,78.7,0,5,6,42.9,5,14,14,1,0
3rd September 2023,Ligue 1,Metz,2,36,12,4,4,4,77.1,1,4,0,61.1,0,10,16,0,0
3rd September 2023,Ligue 1,Reims,2,64,12,2,7,3,85.2,1,1,2,43.5,2,17,8,4,0
3rd September 2023,Ligue 1,Nice,2,63,16,6,7,3,87.4,4,5,5,68.2,0,7,12,2,0
3rd September 2023,Ligue 1,Strasbourg,0,37,4,0,3,1,80.3,0,2,1,48.3,4,12,7,1,0
3rd September 2023,Ligue 1,Lyon,1,30.9,19,8,7,4,81.8,2,5,0,47.8,4,9,4,2,0
3rd September 2023,Ligue 1,Paris Saint-Germain,4,69.1,22,8,9,5,93,5,2,1,52.6,7,5,9,2,0
2nd September 2023,Ligue 1,Brest,0,48.4,13,2,6,5,80.1,2,7,0,71.4,3,12,11,3,0
2nd September 2023,Ligue 1,Rennes,0,51.6,6,3,1,2,82.6,0,5,2,53.8,2,12,12,1,0
2nd September 2023,Ligue 1,Monaco,3,52.3,12,6,2,4,81.6,2,5,3,70,1,21,15,4,0
2nd September 2023,Ligue 1,RC Lens,0,47.7,12,1,6,5,81.6,0,2,3,72.7,3,16,19,2,0
1st September 2023,Ligue 1,Nantes,1,36.6,10,2,2,6,80.7,0,2,2,50,8,7,13,0,1
1st September 2023,Ligue 1,Marseille,1,63.4,26,9,12,5,88.2,1,7,0,66.7,2,13,7,2,0
27th August 2023,Ligue 1,Rennes,2,61.1,22,8,9,5,89.1,3,5,2,66.7,1,5,7,1,0
27th August 2023,Ligue 1,Le Havre,2,38.9,7,3,4,0,81.3,0,2,3,67.9,5,7,5,0,1
27th August 2023,Ligue 1,Clermont,0,72.1,16,4,7,5,86.8,0,10,1,66.7,4,8,10,1,0
27th August 2023,Ligue 1,Metz,1,27.9,10,5,4,1,73.6,0,2,2,66.7,5,10,7,1,0
27th August 2023,Ligue 1,Montpellier,1,51.1,20,3,10,7,71.6,2,5,0,85.7,3,9,18,1,0
27th August 2023,Ligue 1,Reims,3,48.9,12,6,4,2,71.2,1,3,2,73.1,2,19,8,1,0
27th August 2023,Ligue 1,Strasbourg,2,38.8,11,3,6,2,82.4,4,3,0,50,1,16,16,1,0
27th August 2023,Ligue 1,Toulouse,0,61.2,7,1,3,3,83,0,3,2,70,1,17,15,3,0
27th August 2023,Ligue 1,Lorient,4,35.5,9,6,3,0,79.2,2,5,2,57.1,6,23,12,2,0
27th August 2023,Ligue 1,Lille,1,64.5,18,7,5,6,87.4,2,8,0,64.7,2,12,22,4,0
27th August 2023,Ligue 1,Nice,0,58.5,21,4,10,7,85.8,2,7,7,41.2,1,8,14,1,0
27th August 2023,Ligue 1,Lyon,0,41.5,6,1,4,1,77.8,0,2,1,50,4,14,7,3,0
26th August 2023,Ligue 1,Marseille,2,44,15,6,5,4,84.2,4,3,2,57.1,7,4,8,0,0
26th August 2023,Ligue 1,Brest,0,56,18,7,5,6,86,3,10,1,88.2,4,8,4,1,0
26th August 2023,Ligue 1,Paris Saint-Germain,3,66.3,17,7,6,4,92.1,3,5,1,46.7,3,8,16,0,0
26th August 2023,Ligue 1,RC Lens,1,33.7,12,4,7,1,80.7,0,5,2,55.2,3,16,8,5,0
25th August 2023,Ligue 1,Nantes,3,34.4,3,3,0,0,77.5,0,1,2,57.9,6,8,7,2,0
25th August 2023,Ligue 1,Monaco,3,65.6,27,10,11,6,86.7,4,10,2,76.5,0,7,6,2,0
20th August 2023,Ligue 1,Lille,2,64.5,18,8,4,6,88,3,7,0,63.6,4,8,15,0,1
20th August 2023,Ligue 1,Nantes,0,35.5,14,4,2,8,80.5,2,5,5,73.3,5,15,8,2,0
20th August 2023,Ligue 1,Le Havre,1,56.4,18,7,6,5,78.4,0,5,4,60,3,18,15,0,0
20th August 2023,Ligue 1,Brest,2,43.6,10,5,3,2,73,3,3,2,56.5,6,15,18,2,0
20th August 2023,Ligue 1,Lorient,1,40.4,9,2,3,4,87.1,1,0,3,57.1,7,8,10,1,0
20th August 2023,Ligue 1,Nice,1,59.6,21,8,7,6,93,2,9,1,80,1,10,7,1,0
20th August 2023,Ligue 1,Reims,2,46.3,8,4,2,2,78,2,3,5,75,4,9,6,0,0
20th August 2023,Ligue 1,Clermont,0,53.7,11,4,6,1,81.4,0,10,2,57.7,2,6,9,0,0
20th August 2023,Ligue 1,Monaco,3,56.4,9,4,4,1,82.3,1,4,3,81.8,1,19,15,2,0
20th August 2023,Ligue 1,Strasbourg,0,43.6,4,1,2,1,81.7,1,3,2,41.7,1,16,19,1,0
20th August 2023,Ligue 1,RC Lens,1,50.3,15,4,9,2,84.3,2,11,1,53.3,4,15,10,2,0
20th August 2023,Ligue 1,Rennes,1,49.7,10,5,4,1,83.1,0,0,1,50,3,10,15,1,0
19th August 2023,Ligue 1,Lyon,1,64,7,3,3,1,86.1,1,6,2,50,4,20,8,4,1
19th August 2023,Ligue 1,Montpellier,4,36,14,8,4,2,79.9,4,2,4,72.2,2,9,20,1,0
19th August 2023,Ligue 1,Toulouse,1,23.7,8,2,4,2,72.8,0,5,1,42.9,2,8,11,0,0
19th August 2023,Ligue 1,Paris Saint-Germain,1,76.3,16,3,6,7,91,1,5,3,64.3,1,11,7,3,0
18th August 2023,Ligue 1,Metz,2,42.7,10,5,3,2,77,0,4,0,57.1,3,15,9,3,1
18th August 2023,Ligue 1,Marseille,2,57.3,22,5,12,5,84.5,1,9,2,54.5,3,9,15,2,0
13th August 2023,Ligue 1,Brest,3,48.3,15,8,4,3,80.5,1,6,0,57.9,0,13,15,2,0
13th August 2023,Ligue 1,RC Lens,2,51.7,8,2,3,3,76.2,1,8,4,40.9,5,15,13,4,1
13th August 2023,Ligue 1,Clermont,2,54.5,15,7,7,1,85.5,4,6,3,50,4,7,14,0,0
13th August 2023,Ligue 1,Monaco,4,45.5,14,8,2,4,80.2,3,2,1,50,5,16,6,4,0
13th August 2023,Ligue 1,Montpellier,2,58,14,5,5,4,82.3,2,5,5,64.7,2,8,11,1,0
13th August 2023,Ligue 1,Le Havre,2,42,12,4,7,1,74.2,2,2,0,83.3,3,12,8,2,0
13th August 2023,Ligue 1,Nantes,1,43.8,9,4,3,2,84.3,0,7,2,60,3,14,14,2,0
13th August 2023,Ligue 1,Toulouse,2,56.2,9,5,2,2,84.6,5,5,2,75,3,14,14,2,0
13th August 2023,Ligue 1,Rennes,5,70.3,29,14,7,8,91.9,1,5,1,66.7,3,7,10,0,0
13th August 2023,Ligue 1,Metz,1,29.7,9,3,2,4,81.5,0,4,4,41.2,9,10,6,2,0
13th August 2023,Ligue 1,Strasbourg,2,35.5,8,2,3,3,75,1,1,3,70.8,6,8,10,2,0
13th August 2023,Ligue 1,Lyon,1,64.5,23,7,8,8,88,2,6,2,56.3,0,11,8,2,0
12th August 2023,Ligue 1,Marseille,2,42,14,4,6,4,77,2,10,3,73.3,3,7,15,1,0
12th August 2023,Ligue 1,Reims,1,58,11,4,4,3,81.9,2,10,4,68.8,2,16,7,3,0
12th August 2023,Ligue 1,Paris Saint-Germain,0,78,20,4,8,8,93.8,0,9,0,70,0,8,5,0,0
12th August 2023,Ligue 1,Lorient,0,22,4,0,3,1,76.2,0,2,0,46.2,4,6,8,0,0
11th August 2023,Ligue 1,Nice,1,40,8,3,3,2,84.3,2,3,5,75,4,13,8,3,0
11th August 2023,Ligue 1,Lille,1,60,12,5,3,4,88.1,2,3,1,61.5,2,9,11,2,0
30th October 2023,Serie A,Empoli,0,43.5,9,2,5,2,77,0,3,3,66.7,3,10,12,4,0
30th October 2023,Serie A,Atalanta,3,56.5,18,6,8,4,83,4,6,1,71.4,2,13,8,0,0
30th October 2023,Serie A,Lazio,1,46.8,11,4,5,2,81.7,0,0,5,64.7,5,12,14,3,0
30th October 2023,Serie A,Fiorentina,0,53.2,9,5,4,0,85.1,0,4,0,76.2,3,17,12,3,0
29th October 2023,Serie A,Cagliari,4,46.8,24,6,9,9,76.3,4,5,1,69.2,2,8,6,1,0
29th October 2023,Serie A,Frosinone,3,53.2,10,6,3,1,80.9,3,7,3,50,1,7,6,4,0
29th October 2023,Serie A,Monza,1,60.4,10,4,1,5,88,0,10,2,50,2,15,11,2,0
29th October 2023,Serie A,Udinese,1,39.6,10,3,3,4,85.7,1,3,0,84.6,3,11,12,2,0
29th October 2023,Serie A,Inter Milan,1,62.8,19,3,9,7,87.8,1,8,1,64.7,1,14,9,3,0
29th October 2023,Serie A,Roma,0,37.2,3,1,1,1,78.6,1,0,1,63.6,2,9,14,4,0
29th October 2023,Serie A,Napoli,2,47.7,17,4,8,5,84.7,1,6,0,66.7,4,14,10,2,1
29th October 2023,Serie A,AC Milan,2,52.3,20,6,7,7,85.4,2,4,0,47.4,2,10,14,3,0
28th October 2023,Serie A,Sassuolo,1,40.7,16,5,8,3,82.4,0,6,1,35.7,3,11,9,1,0
28th October 2023,Serie A,Bologna,1,59.3,9,5,1,3,87.4,2,2,2,56,5,10,11,3,0
28th October 2023,Serie A,Lecce,0,48.7,11,6,2,3,79.9,0,3,1,33.3,1,17,19,3,0
28th October 2023,Serie A,Torino,1,51.3,10,2,6,2,80.1,1,0,0,82.4,6,19,17,5,0
28th October 2023,Serie A,Juventus,1,54.7,30,6,17,7,87.3,5,5,1,77.8,1,13,8,3,0
28th October 2023,Serie A,Verona,0,45.3,7,1,6,0,82.6,0,1,1,50,4,8,13,2,0
27th October 2023,Serie A,Genoa,1,51.6,8,4,3,1,77.2,1,7,2,45,2,11,17,3,0
27th October 2023,Serie A,Salernitana,0,48.4,7,2,3,2,77.4,0,0,4,57.1,3,19,11,4,0
23rd October 2023,Serie A,Udinese,1,44.4,12,6,3,3,72.1,2,2,2,58.8,0,11,14,3,0
23rd October 2023,Serie A,Lecce,1,55.6,12,1,8,3,78.7,1,7,2,77.8,4,15,10,5,0
23rd October 2023,Serie A,Fiorentina,0,71.9,19,7,7,5,86.9,0,14,2,71.4,1,13,13,1,0
23rd October 2023,Serie A,Empoli,2,28.1,7,3,2,2,65,4,3,5,66.7,7,17,12,3,0
22nd October 2023,Serie A,Roma,1,51.3,21,4,6,11,85.5,2,8,3,50,4,11,11,2,0
22nd October 2023,Serie A,Monza,0,48.7,11,4,5,2,87.1,0,5,2,43.8,3,11,10,2,1
22nd October 2023,Serie A,Bologna,2,55,12,6,5,1,83.1,2,4,1,60.9,4,10,13,2,0
22nd October 2023,Serie A,Frosinone,1,45,12,5,6,1,81.3,0,5,1,65,4,14,10,0,1
22nd October 2023,Serie A,Salernitana,2,48.4,13,2,9,2,77.6,0,8,1,61.5,4,11,11,3,0
22nd October 2023,Serie A,Cagliari,2,51.6,13,6,4,3,78.4,2,5,3,81.3,0,12,11,4,0
22nd October 2023,Serie A,Atalanta,2,57,13,8,1,4,83.7,0,8,1,80,4,17,8,4,0
22nd October 2023,Serie A,Genoa,0,43,15,4,9,2,75.7,1,4,1,60,6,9,17,2,0
22nd October 2023,Serie A,AC Milan,0,51.8,7,1,3,3,83.6,0,6,0,45,3,12,13,1,1
22nd October 2023,Serie A,Juventus,1,48.2,14,4,6,4,86.8,1,3,2,75,1,16,11,4,0
21st October 2023,Serie A,Verona,1,39.6,15,9,6,0,79.9,0,5,0,46.2,7,12,8,3,0
21st October 2023,Serie A,Napoli,3,60.4,22,10,6,6,87.3,4,8,2,76.9,8,9,12,2,0
21st October 2023,Serie A,Torino,0,46.2,7,3,2,2,83.5,0,2,1,64.3,1,13,8,1,0
21st October 2023,Serie A,Inter Milan,3,53.8,14,4,6,4,84,2,4,0,61.5,3,8,12,2,0
21st October 2023,Serie A,Sassuolo,0,50.9,9,2,4,3,83.6,0,5,0,57.1,5,6,10,1,0
21st October 2023,Serie A,Lazio,2,49.1,18,6,10,2,85.7,4,7,4,61.5,2,10,6,5,0
8th October 2023,Serie A,Monza,3,57.7,16,7,5,4,86.3,2,7,0,64.7,6,8,13,1,0
8th October 2023,Serie A,Salernitana,0,42.3,8,5,2,1,81.3,0,7,2,54.5,4,16,7,2,0
8th October 2023,Serie A,Frosinone,2,52.9,11,2,8,1,78.3,2,2,0,50,3,8,12,1,0
8th October 2023,Serie A,Verona,1,47.1,16,4,9,3,74.9,2,4,1,54.5,0,12,8,4,0
8th October 2023,Serie A,Lazio,3,46.1,12,4,4,4,83.2,2,4,3,70.6,2,7,10,1,0
8th October 2023,Serie A,Atalanta,2,53.9,12,4,6,2,86.2,0,6,2,81.8,2,10,7,1,0
8th October 2023,Serie A,Cagliari,1,57.6,16,2,10,4,83.8,1,4,1,42.9,1,15,12,2,0
8th October 2023,Serie A,Roma,4,42.4,11,5,2,4,75,6,3,1,75,1,13,15,3,0
8th October 2023,Serie A,Napoli,1,54,16,4,6,6,87.7,0,6,2,61.5,0,4,14,2,0
8th October 2023,Serie A,Fiorentina,3,46,12,3,5,4,84.9,1,4,3,43.5,3,14,4,4,0
7th October 2023,Serie A,Inter Milan,2,62.7,14,5,4,5,87,1,7,2,38.5,1,11,9,2,0
7th October 2023,Serie A,Bologna,2,37.3,8,3,3,2,78.2,0,7,1,66.7,3,9,11,3,0
7th October 2023,Serie A,Juventus,2,50,17,6,4,7,81.7,2,7,2,72.7,1,10,8,1,0
7th October 2023,Serie A,Torino,0,50,10,1,7,2,82.4,0,3,0,56.3,3,8,10,1,0
7th October 2023,Serie A,Genoa,0,41.1,7,1,2,4,81.1,0,3,0,28.6,2,10,13,1,1
7th October 2023,Serie A,AC Milan,1,58.9,12,3,4,5,86.2,2,2,3,54.5,1,13,9,5,1
6th October 2023,Serie A,Empoli,0,59.1,18,3,8,7,77.9,2,5,3,46.7,1,11,15,1,0
6th October 2023,Serie A,Udinese,0,40.9,11,1,7,3,67.9,2,7,0,53.3,3,15,10,2,0
6th October 2023,Serie A,Lecce,1,42.5,13,4,8,1,74.3,3,5,2,65.4,0,9,14,2,0
6th October 2023,Serie A,Sassuolo,1,57.5,14,1,8,5,83.5,1,3,0,50,3,15,7,3,0
2nd October 2023,Serie A,Sassuolo,0,43.3,19,7,6,6,85.3,2,7,1,58.3,3,8,10,0,0
2nd October 2023,Serie A,Monza,1,56.7,13,4,4,5,88.3,3,4,4,58.3,7,10,8,0,0
2nd October 2023,Serie A,Torino,0,54.6,8,2,5,1,73.7,1,10,1,44.4,2,6,10,1,0
2nd October 2023,Serie A,Verona,0,45.4,5,2,1,2,71.9,0,1,1,63.2,2,11,6,1,0
2nd October 2023,Serie A,Fiorentina,3,59.8,14,2,5,7,89.1,2,4,1,77.8,3,10,10,1,0
2nd October 2023,Serie A,Cagliari,0,40.2,6,4,2,0,80.3,0,2,2,47.1,0,10,9,1,0
1st October 2023,Serie A,Bologna,3,57.4,21,9,10,2,85.4,4,2,2,60,4,11,15,2,0
1st October 2023,Serie A,Empoli,0,42.6,12,4,4,4,79.1,2,6,1,61.9,6,16,11,4,0
1st October 2023,Serie A,Udinese,2,59.3,11,2,5,4,80.3,3,5,1,33.3,2,12,12,2,1
1st October 2023,Serie A,Genoa,2,40.7,8,4,3,1,74,1,0,2,61.1,1,12,12,2,0
1st October 2023,Serie A,Atalanta,0,51.7,15,2,9,4,86.8,1,5,0,47.1,3,13,7,1,0
1st October 2023,Serie A,Juventus,0,48.3,5,3,0,2,86.2,0,2,1,77.8,2,7,12,2,0
1st October 2023,Serie A,Roma,2,49.7,11,5,5,1,79.9,1,7,2,53.1,0,12,10,1,0
1st October 2023,Serie A,Frosinone,0,50.3,8,0,6,2,82.8,2,3,2,63.2,3,11,12,2,0
30th September 2023,Serie A,Lecce,0,43.8,9,4,4,1,83.4,1,3,3,69.6,2,11,10,3,0
30th September 2023,Serie A,Napoli,4,56.2,15,6,5,4,84.4,3,7,1,73.7,4,11,7,2,0
30th September 2023,Serie A,AC Milan,2,50.4,14,7,2,5,86,2,8,2,36.8,4,15,5,3,0
30th September 2023,Serie A,Lazio,0,49.6,13,4,5,4,84.9,0,1,2,70,5,5,14,2,0
30th September 2023,Serie A,Salernitana,0,35.7,12,3,4,5,75.5,0,3,2,45.5,2,12,10,2,0
30th September 2023,Serie A,Inter Milan,4,64.3,16,6,4,6,87.2,2,3,1,50,3,10,12,1,0
28th September 2023,Serie A,Frosinone,1,51.8,11,3,3,5,77.7,0,8,2,73.3,5,6,9,3,0
28th September 2023,Serie A,Fiorentina,1,48.2,19,6,6,7,79.8,2,10,5,57.1,2,11,5,3,0
28th September 2023,Serie A,Monza,0,47.5,10,3,4,3,84.6,1,7,2,50,5,9,15,5,0
28th September 2023,Serie A,Bologna,0,52.5,8,5,0,3,86.5,1,5,2,35.7,3,15,9,1,1
28th September 2023,Serie A,Genoa,4,29.3,8,4,1,3,76.3,2,1,0,62.5,2,7,11,4,0
28th September 2023,Serie A,Roma,1,70.7,13,3,6,4,89.6,3,7,2,56.3,0,12,7,3,0
27th September 2023,Serie A,Cagliari,1,33.3,16,6,4,6,82.4,0,3,0,66.7,3,13,6,3,0
27th September 2023,Serie A,AC Milan,3,66.7,17,6,7,4,93,0,5,1,66.7,5,6,13,1,0
27th September 2023,Serie A,Empoli,1,40.2,13,6,5,2,70.5,3,10,5,60,2,18,13,2,0
27th September 2023,Serie A,Salernitana,0,59.8,14,2,5,7,75.4,0,2,1,64,5,13,18,1,0
27th September 2023,Serie A,Verona,0,51.4,11,2,6,3,67.4,0,4,1,50,1,10,21,2,0
27th September 2023,Serie A,Atalanta,1,48.6,8,2,5,1,66.5,2,1,3,26.7,2,25,10,3,0
27th September 2023,Serie A,Inter Milan,1,62.6,13,3,6,4,85.9,3,8,3,53.3,4,10,8,0,0
27th September 2023,Serie A,Sassuolo,2,37.4,13,6,5,2,79.8,2,6,4,75,2,8,9,1,0
27th September 2023,Serie A,Lazio,2,50.4,6,3,2,1,84.8,2,4,0,70.6,2,12,11,1,0
27th September 2023,Serie A,Torino,0,49.6,7,2,3,2,85.7,0,2,1,72.7,1,13,12,4,0
27th September 2023,Serie A,Napoli,4,65.7,23,10,9,4,89.4,7,8,0,42.9,2,11,10,1,0
27th September 2023,Serie A,Udinese,1,34.3,13,3,7,3,86.1,1,4,0,72.7,6,10,10,1,0
26th September 2023,Serie A,Juventus,1,50.7,15,5,5,5,84.1,2,5,0,62.5,0,14,14,2,0
26th September 2023,Serie A,Lecce,0,49.3,2,0,2,0,83.8,0,1,1,54.5,4,15,14,3,1
24th September 2023,Serie A,Empoli,0,38.9,7,1,3,3,80.1,0,3,0,71.4,4,15,11,2,0
24th September 2023,Serie A,Inter Milan,1,61.1,23,6,11,6,86.4,1,6,1,57.1,1,11,14,2,0
24th September 2023,Serie A,Atalanta,2,56.7,10,6,2,2,80.7,2,7,5,66.7,0,6,11,1,0
24th September 2023,Serie A,Cagliari,0,43.3,10,0,7,3,76.1,1,7,1,69.2,4,11,6,2,0
24th September 2023,Serie A,Udinese,0,49,20,8,5,7,74.5,3,10,1,45.5,0,13,11,0,0
24th September 2023,Serie A,Fiorentina,2,51,6,2,3,1,74.3,0,3,1,61.1,8,11,13,1,0
24th September 2023,Serie A,Bologna,0,49.1,4,2,1,1,88.8,0,5,2,60,4,16,11,4,0
24th September 2023,Serie A,Napoli,0,50.9,12,4,6,2,87,1,5,2,52.4,2,12,15,5,0
24th September 2023,Serie A,Torino,1,41.8,12,4,6,2,77.2,1,7,1,66.7,2,5,5,0,0
24th September 2023,Serie A,Roma,1,58.2,11,3,6,2,80.8,1,1,0,46.7,3,5,5,2,0
23rd September 2023,Serie A,AC Milan,1,54.3,9,4,2,3,80.8,1,2,1,64.7,2,12,11,4,0
23rd September 2023,Serie A,Verona,0,45.7,10,2,5,3,75.3,2,3,1,47.8,3,11,11,2,0
23rd September 2023,Serie A,Sassuolo,4,42.7,18,7,7,4,78.8,1,6,0,41.2,1,13,8,4,0
23rd September 2023,Serie A,Juventus,2,57.3,15,2,10,3,84.6,2,3,2,62.5,4,8,13,2,0
23rd September 2023,Serie A,Lazio,1,48.6,8,1,4,3,84.6,0,1,3,76.9,3,13,7,2,0
23rd September 2023,Serie A,Monza,1,51.4,16,4,10,2,84.3,3,3,2,58.8,0,7,11,2,0
22nd September 2023,Serie A,Salernitana,1,49.3,19,6,8,5,80.1,0,8,4,36.4,2,12,10,2,0
22nd September 2023,Serie A,Frosinone,1,50.7,9,3,4,2,77.6,1,6,3,55,5,12,11,2,0
22nd September 2023,Serie A,Lecce,1,56,18,3,10,5,85.5,1,4,1,72.7,1,12,10,1,0
22nd September 2023,Serie A,Genoa,0,44,8,1,5,2,77.4,1,3,0,56.3,2,10,11,1,1
18th September 2023,Serie A,Salernitana,0,55.5,14,4,8,2,80.4,1,1,2,57.1,0,12,15,2,0
18th September 2023,Serie A,Torino,3,44.5,11,3,3,5,80.3,2,2,2,81.8,4,16,12,2,0
18th September 2023,Serie A,Verona,0,39.2,9,1,5,3,81,0,3,5,73.3,4,18,10,4,0
18th September 2023,Serie A,Bologna,0,60.8,11,4,5,2,87.8,2,4,1,62.5,1,10,16,2,0
17th September 2023,Serie A,Cagliari,0,44.3,10,1,7,2,77.3,6,4,3,46.2,1,12,10,0,1
17th September 2023,Serie A,Udinese,0,55.7,11,1,9,1,83.7,1,6,1,82.4,1,11,12,1,0
17th September 2023,Serie A,Frosinone,4,54.9,16,6,8,2,83.9,3,5,5,80,5,10,9,4,0
17th September 2023,Serie A,Sassuolo,2,45.1,18,7,5,6,78.8,3,6,2,50,2,9,8,2,0
17th September 2023,Serie A,Monza,1,60.7,25,6,12,7,87,4,10,1,52.6,2,17,10,4,1
17th September 2023,Serie A,Lecce,1,39.3,4,3,1,0,84.2,0,1,0,57.1,4,11,17,1,1
17th September 2023,Serie A,Fiorentina,3,57.4,15,8,4,3,83.3,1,3,0,78.9,2,8,14,1,0
17th September 2023,Serie A,Atalanta,2,42.6,11,4,4,3,74.2,0,4,2,63,5,14,7,2,0
17th September 2023,Serie A,Roma,7,53.1,14,9,3,2,89.4,4,2,2,72,2,15,4,2,0
17th September 2023,Serie A,Empoli,0,46.9,8,2,4,2,90,0,6,2,68.4,3,5,15,2,0
16th September 2023,Serie A,Juventus,3,36,17,7,9,1,81.9,3,7,1,42.9,5,13,13,5,0
16th September 2023,Serie A,Lazio,1,64,16,5,5,6,90.7,0,9,0,66.7,4,13,13,1,0
16th September 2023,Serie A,Inter Milan,5,40.1,14,7,3,4,82.9,3,5,2,58.3,1,16,12,2,0
16th September 2023,Serie A,AC Milan,1,59.9,9,2,4,3,90.3,2,0,2,62.5,2,13,14,2,0
16th September 2023,Serie A,Genoa,2,33.8,8,3,4,1,74.8,2,3,1,53.3,2,14,6,3,0
16th September 2023,Serie A,Napoli,2,66.2,12,4,3,5,86.2,1,1,3,68.4,1,8,12,2,0
3rd September 2023,Serie A,Inter Milan,4,39.6,21,11,8,2,81.9,6,1,0,47.4,2,13,11,1,0
3rd September 2023,Serie A,Fiorentina,0,60.4,6,2,1,3,86.3,0,1,1,33.3,7,12,13,1,0
3rd September 2023,Serie A,Torino,1,62.9,10,3,5,2,85.7,0,4,5,57.1,2,13,7,2,0
3rd September 2023,Serie A,Genoa,0,37.1,7,2,3,2,69.7,0,0,2,56.3,2,7,10,5,0
3rd September 2023,Serie A,Empoli,0,49.5,7,0,5,2,87.1,0,3,2,50,3,14,13,3,0
3rd September 2023,Serie A,Juventus,2,50.5,18,5,6,7,84.9,3,7,1,82.4,0,13,14,3,0
3rd September 2023,Serie A,Lecce,2,45.4,20,6,4,10,75.9,1,6,0,54.2,4,17,14,3,0
3rd September 2023,Serie A,Salernitana,0,54.6,11,4,6,1,80.1,1,5,1,83.3,4,15,17,3,0
2nd September 2023,Serie A,Bologna,2,71.6,16,7,6,3,89,2,5,1,52.9,1,9,9,1,0
2nd September 2023,Serie A,Cagliari,1,28.4,7,1,5,1,77.6,1,2,1,72.7,5,13,8,2,0
2nd September 2023,Serie A,Udinese,0,46.5,12,6,4,2,76.2,3,3,0,62.5,1,14,9,2,0
2nd September 2023,Serie A,Frosinone,0,53.5,12,2,6,4,79,4,5,2,66.7,6,9,13,2,0
2nd September 2023,Serie A,Atalanta,3,41.4,18,8,5,5,85.2,4,7,4,71.4,2,11,9,0,0
2nd September 2023,Serie A,Monza,0,58.6,8,2,5,1,85.8,0,3,1,55,5,9,10,3,0
2nd September 2023,Serie A,Napoli,1,61.2,22,4,8,10,87,0,7,4,61.5,0,8,6,0,0
2nd September 2023,Serie A,Lazio,2,38.8,6,2,3,1,81.9,1,2,3,54.5,3,9,8,2,0
1st September 2023,Serie A,Sassuolo,3,46.6,16,7,4,5,75.5,2,10,1,54.5,2,8,12,1,0
1st September 2023,Serie A,Verona,1,53.4,11,3,8,0,80.2,1,1,4,80,4,13,8,3,0
1st September 2023,Serie A,Roma,1,42.9,13,2,7,4,84.2,1,3,1,41.7,2,14,15,2,0
1st September 2023,Serie A,AC Milan,2,57.1,9,4,1,4,87.9,0,5,1,83.3,1,15,14,2,1
28th August 2023,Serie A,Salernitana,1,55.9,9,4,4,1,79.4,1,7,1,77.8,7,12,19,4,0
28th August 2023,Serie A,Udinese,1,44.1,14,6,4,4,76.3,0,5,1,50,3,19,11,4,0
28th August 2023,Serie A,Cagliari,0,33.1,12,2,4,6,77.7,0,4,1,50,1,9,9,1,0
28th August 2023,Serie A,Inter Milan,2,66.9,17,3,9,5,87.8,1,7,2,64,2,10,9,1,0
27th August 2023,Serie A,Fiorentina,2,59.6,10,4,4,2,81.5,2,3,2,47.8,0,16,14,1,0
27th August 2023,Serie A,Lecce,2,40.4,6,2,1,3,72.1,1,3,1,85,2,15,15,3,0
27th August 2023,Serie A,Juventus,1,57.7,14,3,7,4,86.3,0,6,4,76.9,3,15,12,2,0
27th August 2023,Serie A,Bologna,1,42.3,10,4,4,2,81,1,2,0,61.1,2,13,13,1,0
27th August 2023,Serie A,Lazio,0,70.4,16,2,9,5,86.9,1,15,0,60,2,9,13,4,0
27th August 2023,Serie A,Genoa,1,29.6,5,3,1,1,73.6,1,1,0,38.9,2,16,9,2,0
27th August 2023,Serie A,Napoli,2,66.7,25,5,12,8,90.7,3,12,4,55.6,1,9,8,0,0
27th August 2023,Serie A,Sassuolo,0,33.3,6,1,3,2,81.5,0,4,0,76.5,3,10,8,1,1
26th August 2023,Serie A,Frosinone,2,36.8,13,5,4,4,72.6,1,3,1,46.2,5,10,10,1,0
26th August 2023,Serie A,Atalanta,1,63.2,18,6,8,4,83.9,3,7,1,31.3,3,10,9,2,0
26th August 2023,Serie A,Monza,2,53.8,20,5,9,6,85,3,7,2,52,6,14,7,1,0
26th August 2023,Serie A,Empoli,0,46.2,18,6,8,4,82.3,0,5,1,60,3,7,13,2,0
26th August 2023,Serie A,AC Milan,4,59.4,17,7,8,2,86.5,2,2,1,50,0,13,15,2,0
26th August 2023,Serie A,Torino,1,40.6,8,1,6,1,81.2,1,1,2,50,3,16,13,3,0
26th August 2023,Serie A,Verona,2,28.4,5,3,1,1,65,0,2,0,75,6,17,11,1,1
26th August 2023,Serie A,Roma,1,71.6,23,7,12,4,86.7,1,12,3,56.3,1,12,17,3,0
21st August 2023,Serie A,Torino,0,57.1,11,2,6,3,79.2,1,8,1,60,2,8,11,1,0
21st August 2023,Serie A,Cagliari,0,42.9,8,2,5,1,71.9,0,3,2,72.2,2,12,8,1,0
21st August 2023,Serie A,Bologna,0,53.1,17,5,7,5,88.6,0,3,2,38.1,3,10,3,2,0
21st August 2023,Serie A,AC Milan,2,46.9,9,6,1,2,85,2,6,2,61.5,5,4,10,2,0
20th August 2023,Serie A,Roma,2,59.9,13,3,7,3,81.9,2,9,1,86.7,0,12,9,0,0
20th August 2023,Serie A,Salernitana,2,40.1,3,2,1,0,72.6,1,1,1,66.7,1,9,11,4,0
20th August 2023,Serie A,Sassuolo,0,49.7,11,3,4,4,87,0,7,0,60,2,9,13,0,0
20th August 2023,Serie A,Atalanta,2,50.3,16,6,8,2,86,3,7,2,53.8,3,13,9,0,0
20th August 2023,Serie A,Lecce,2,47.6,23,7,8,8,85.6,2,5,2,37.5,3,12,16,3,0
20th August 2023,Serie A,Lazio,1,52.4,10,4,3,3,85.5,4,2,1,57.1,5,16,12,2,0
20th August 2023,Serie A,Udinese,0,48.4,18,5,6,7,88.1,2,7,3,54.5,1,12,10,1,0
20th August 2023,Serie A,Juventus,3,51.6,9,4,3,2,82.4,1,3,4,66.7,5,10,9,3,0
19th August 2023,Serie A,Empoli,0,47.1,10,4,5,1,63.7,1,2,2,50,3,17,18,2,0
19th August 2023,Serie A,Verona,1,52.9,10,4,5,1,70.9,1,4,3,60,4,18,17,2,0
19th August 2023,Serie A,Frosinone,1,48.2,4,1,2,1,87.7,0,5,3,100,5,14,17,3,0
19th August 2023,Serie A,Napoli,3,51.8,19,8,4,7,88.8,1,6,3,55,0,17,13,3,0
19th August 2023,Serie A,Genoa,1,31.6,4,2,2,0,74.9,2,3,2,64.3,1,14,10,2,0
19th August 2023,Serie A,Fiorentina,4,68.4,9,5,2,2,87.7,1,4,1,72.7,1,13,11,3,0
19th August 2023,Serie A,Inter Milan,2,47.5,22,3,12,7,89.9,2,8,1,76.5,2,8,13,1,0
19th August 2023,Serie A,Monza,0,52.5,12,2,6,4,90.3,0,3,1,76.9,1,13,8,1,0
29th October 2023,Bundesliga,Eintracht Frankfurt,3,39.9,12,7,4,1,75.3,3,0,4,64.7,1,11,9,3,0
29th October 2023,Bundesliga,Borussia Dortmund,3,60.1,14,4,8,2,87.7,4,4,4,61.5,4,10,11,2,0
29th October 2023,Bundesliga,Bayer Leverkusen,2,70.5,18,4,9,5,89.7,1,11,1,75,2,9,10,0,0
29th October 2023,Bundesliga,SC Freiburg,1,29.5,10,3,5,2,74.1,1,4,0,50,2,10,7,2,0
28th October 2023,Bundesliga,Bayern Munich,8,53.9,29,16,6,7,90.5,13,7,2,50,4,15,13,1,1
28th October 2023,Bundesliga,SV Darmstadt 98,0,46.1,9,4,3,2,84.3,1,1,1,52.9,8,13,15,2,2
28th October 2023,Bundesliga,FC Augsburg,3,39.3,8,5,3,0,77,2,5,6,55.6,4,17,14,4,1
28th October 2023,Bundesliga,Wolfsburg,2,60.7,13,6,4,3,83.2,0,5,2,22.2,3,15,17,4,0
28th October 2023,Bundesliga,M'gladbach,2,53.9,13,6,4,3,85.3,0,6,1,55.6,3,5,17,0,0
28th October 2023,Bundesliga,1. FC Heidenheim 1846,1,46.1,9,4,1,4,84.6,0,4,0,57.1,4,17,4,3,0
28th October 2023,Bundesliga,Stuttgart,2,73.3,23,10,9,4,88.9,1,6,2,55.6,2,13,10,2,0
28th October 2023,Bundesliga,Hoffenheim,3,26.7,7,5,1,1,65.6,1,0,1,60.9,8,11,12,1,0
28th October 2023,Bundesliga,Werder Bremen,2,56.6,10,4,4,2,84.8,1,3,3,50,2,12,13,1,0
28th October 2023,Bundesliga,1. FC Union Berlin,0,43.4,7,2,3,2,78.4,0,3,5,80,3,14,12,4,1
28th October 2023,Bundesliga,RB Leipzig,6,62.1,26,13,7,6,88.2,4,11,1,0,1,8,13,2,0
28th October 2023,Bundesliga,Cologne,0,37.9,6,2,3,1,81.7,1,1,2,50,7,13,8,2,1
27th October 2023,Bundesliga,Bochum,2,50.4,12,4,3,5,63.4,1,5,2,75,2,14,19,3,0
27th October 2023,Bundesliga,Mainz,2,49.6,9,3,3,3,67.2,0,4,2,58.8,2,21,11,3,0
22nd October 2023,Bundesliga,Cologne,3,60.1,23,8,6,9,81.7,1,9,1,70.6,1,13,9,0,0
22nd October 2023,Bundesliga,M'gladbach,1,39.9,5,2,3,0,73.8,1,3,0,57.9,5,10,12,2,1
22nd October 2023,Bundesliga,1. FC Heidenheim 1846,2,60,15,5,6,4,84.8,3,6,1,60,1,11,11,3,0
22nd October 2023,Bundesliga,FC Augsburg,5,40,9,6,2,1,79.6,2,5,1,66.7,3,11,10,2,0
21st October 2023,Bundesliga,1. FC Union Berlin,0,42.4,9,1,4,4,76,2,4,4,60.7,2,12,11,2,0
21st October 2023,Bundesliga,Stuttgart,3,57.6,10,5,2,3,84.1,3,2,0,76.9,1,12,12,1,0
21st October 2023,Bundesliga,Hoffenheim,1,54.2,14,4,6,4,83.8,1,6,5,70.6,2,7,7,3,0
21st October 2023,Bundesliga,Eintracht Frankfurt,3,45.8,15,5,6,4,79.7,2,3,1,50,3,7,7,0,0
21st October 2023,Bundesliga,SC Freiburg,2,58.1,17,5,7,5,81.8,3,5,4,50,2,11,14,3,0
21st October 2023,Bundesliga,Bochum,1,41.9,13,4,5,4,73.5,3,2,1,66.7,3,16,10,4,0
21st October 2023,Bundesliga,SV Darmstadt 98,1,57.6,18,4,10,4,78.2,0,6,2,60,4,16,10,6,0
21st October 2023,Bundesliga,RB Leipzig,3,42.4,10,7,3,0,66,5,0,4,75,3,12,15,3,0
21st October 2023,Bundesliga,Wolfsburg,1,41.5,18,6,9,3,79.6,3,4,1,18.2,5,15,14,3,0
21st October 2023,Bundesliga,Bayer Leverkusen,2,58.5,13,7,6,0,87.1,4,3,2,55.6,5,14,14,5,0
21st October 2023,Bundesliga,Mainz,1,38,16,3,11,2,79.7,0,2,1,76,2,12,10,3,0
21st October 2023,Bundesliga,Bayern Munich,3,62,13,5,3,5,87,3,7,1,46.2,2,10,12,2,0
20th October 2023,Bundesliga,Borussia Dortmund,1,57.4,23,5,8,10,86.9,4,10,0,75,1,5,10,1,0
20th October 2023,Bundesliga,Werder Bremen,0,42.6,5,1,3,1,80,1,4,0,45,4,10,4,5,0
8th October 2023,Bundesliga,Bayer Leverkusen,3,63.7,23,10,4,9,92.2,7,11,2,57.1,3,8,7,3,0
8th October 2023,Bundesliga,Cologne,0,36.3,7,3,3,1,80.6,2,4,0,50,7,7,7,0,0
8th October 2023,Bundesliga,Bayern Munich,3,70,21,6,7,8,91,1,7,3,41.7,0,7,8,1,0
8th October 2023,Bundesliga,SC Freiburg,0,30,2,0,2,0,71.3,0,1,3,55.6,4,8,7,0,0
8th October 2023,Bundesliga,Eintracht Frankfurt,2,49.5,13,6,5,2,79.8,2,3,3,60.7,2,14,8,2,0
8th October 2023,Bundesliga,1. FC Heidenheim 1846,0,50.5,7,2,3,2,77,2,6,3,47.8,4,10,12,3,0
7th October 2023,Bundesliga,Borussia Dortmund,4,66.9,14,7,3,4,87.2,2,4,1,78.6,3,7,15,1,0
7th October 2023,Bundesliga,1. FC Union Berlin,2,33.1,13,5,6,2,69.7,1,6,5,73.9,3,15,6,1,0
7th October 2023,Bundesliga,FC Augsburg,1,46.7,18,3,8,7,76.1,2,4,6,66.7,3,13,12,4,0
7th October 2023,Bundesliga,SV Darmstadt 98,2,53.3,17,5,7,5,80.1,1,4,1,63.6,2,12,13,2,0
7th October 2023,Bundesliga,RB Leipzig,0,76.7,17,5,5,7,89.3,0,9,1,75,2,10,13,2,0
7th October 2023,Bundesliga,Bochum,0,23.3,9,2,7,0,60,2,1,3,57.7,5,13,10,4,0
7th October 2023,Bundesliga,Stuttgart,3,59.1,14,8,2,4,85.9,2,5,5,56.3,4,13,14,1,0
7th October 2023,Bundesliga,Wolfsburg,1,40.9,12,5,3,4,75.4,3,6,0,36.8,5,14,13,3,0
7th October 2023,Bundesliga,Werder Bremen,2,48.4,13,3,7,3,77.3,1,4,2,55.6,2,15,7,5,0
7th October 2023,Bundesliga,Hoffenheim,3,51.6,10,4,6,0,76.2,2,4,4,60,1,7,14,4,0
6th October 2023,Bundesliga,M'gladbach,2,60.4,21,9,5,7,82,3,10,1,57.9,5,9,8,3,0
6th October 2023,Bundesliga,Mainz,2,39.6,14,7,2,5,74.4,3,3,1,42.9,7,9,9,1,0
1st October 2023,Bundesliga,SV Darmstadt 98,4,43.2,14,5,7,2,69.8,2,2,2,65,4,19,17,3,0
1st October 2023,Bundesliga,Werder Bremen,2,56.8,11,6,0,5,79,3,4,6,50,1,19,19,2,0
1st October 2023,Bundesliga,SC Freiburg,2,53.3,7,3,2,2,75.1,1,2,0,50,3,13,16,2,0
1st October 2023,Bundesliga,FC Augsburg,0,46.7,13,3,5,5,72.7,1,3,2,72.7,1,17,13,2,0
30th September 2023,Bundesliga,1. FC Heidenheim 1846,1,48.6,10,4,6,0,76.5,0,5,1,61.1,8,11,14,1,0
30th September 2023,Bundesliga,1. FC Union Berlin,0,51.4,20,8,8,4,80.1,3,7,1,76.9,3,14,11,2,0
30th September 2023,Bundesliga,Bochum,1,58.4,24,5,12,7,71.9,1,5,2,50,5,12,11,2,0
30th September 2023,Bundesliga,M'gladbach,3,41.6,27,9,11,7,65.2,4,10,3,50,3,12,12,3,0
30th September 2023,Bundesliga,Cologne,0,39.6,14,5,6,3,81.3,3,8,2,61.9,2,16,7,2,0
30th September 2023,Bundesliga,Stuttgart,2,60.4,18,4,11,3,87.8,1,4,1,55,5,8,15,1,0
30th September 2023,Bundesliga,Mainz,0,44.7,10,3,4,3,82.2,0,3,3,66.7,1,13,11,4,0
30th September 2023,Bundesliga,Bayer Leverkusen,3,55.3,6,3,2,1,87.1,2,1,1,53.3,3,11,12,1,0
30th September 2023,Bundesliga,Wolfsburg,2,53.9,18,8,6,4,83.8,1,7,4,46.7,4,11,17,1,0
30th September 2023,Bundesliga,Eintracht Frankfurt,0,46.1,8,4,4,0,78.8,2,4,3,66.7,6,18,9,4,1
30th September 2023,Bundesliga,RB Leipzig,2,34.7,6,2,3,1,78.3,1,5,1,46.4,3,10,11,2,0
30th September 2023,Bundesliga,Bayern Munich,2,65.3,11,5,4,2,88.1,2,1,1,54.5,0,11,9,5,0
29th September 2023,Bundesliga,Hoffenheim,1,52.5,15,3,8,4,81.7,1,4,0,71.4,2,14,16,3,0
29th September 2023,Bundesliga,Borussia Dortmund,3,47.5,6,5,1,0,77.6,2,3,2,69.6,2,16,14,3,1
24th September 2023,Bundesliga,Bayer Leverkusen,4,71.5,21,10,6,5,91.5,9,7,2,71.4,1,9,10,1,0
24th September 2023,Bundesliga,1. FC Heidenheim 1846,1,28.5,2,2,0,0,75.1,0,2,0,43.8,6,10,8,1,0
24th September 2023,Bundesliga,Eintracht Frankfurt,0,57.3,12,4,2,6,82.1,1,7,0,77.8,1,12,4,4,0
24th September 2023,Bundesliga,SC Freiburg,0,42.7,7,1,3,3,74.7,0,3,4,63.3,4,5,12,2,0
23rd September 2023,Bundesliga,1. FC Union Berlin,0,56.1,22,6,9,7,77.9,0,11,0,73.7,1,11,12,1,0
23rd September 2023,Bundesliga,Hoffenheim,2,43.9,11,3,3,5,73.2,2,6,1,58.3,5,13,10,3,0
23rd September 2023,Bundesliga,Bayern Munich,7,61.2,26,15,7,4,88.1,7,8,2,60,1,8,9,0,0
23rd September 2023,Bundesliga,Bochum,0,38.8,4,1,2,1,78.2,0,1,2,68,8,10,8,1,0
23rd September 2023,Bundesliga,Borussia Dortmund,1,64.2,18,4,10,4,87.3,4,5,2,68.2,1,9,14,0,0
23rd September 2023,Bundesliga,Wolfsburg,0,35.8,7,1,4,2,76.9,0,3,2,58.3,3,14,9,1,0
23rd September 2023,Bundesliga,FC Augsburg,2,41,5,3,1,1,72.1,1,3,1,40.9,2,16,13,2,1
23rd September 2023,Bundesliga,Mainz,1,59,12,3,4,5,78.5,0,4,2,60,1,15,16,3,0
23rd September 2023,Bundesliga,M'gladbach,0,44.8,14,1,9,4,79.7,0,11,2,75,3,14,7,1,0
23rd September 2023,Bundesliga,RB Leipzig,1,55.2,8,4,0,4,82.8,0,6,2,63.6,1,7,13,1,0
23rd September 2023,Bundesliga,Werder Bremen,2,47.8,17,6,6,5,72.9,2,9,1,66.7,3,18,15,2,0
23rd September 2023,Bundesliga,Cologne,1,52.2,14,5,5,4,75.5,2,8,2,51.9,4,15,18,1,0
22nd September 2023,Bundesliga,Stuttgart,3,57.8,18,11,5,2,87.1,6,5,1,42.9,1,7,9,1,0
22nd September 2023,Bundesliga,SV Darmstadt 98,1,42.2,4,0,3,1,80,1,4,2,40,8,12,7,6,0
17th September 2023,Bundesliga,1. FC Heidenheim 1846,4,41.3,18,5,8,5,73.5,0,10,1,54.5,2,20,7,1,0
17th September 2023,Bundesliga,Werder Bremen,2,58.7,11,4,5,2,79.4,3,1,2,69.6,1,8,18,1,0
17th September 2023,Bundesliga,SV Darmstadt 98,3,36,15,8,4,3,75.6,2,6,4,69.6,7,12,8,1,1
17th September 2023,Bundesliga,M'gladbach,3,64,22,10,9,3,87.4,7,6,1,72.7,5,8,11,1,0
16th September 2023,Bundesliga,Cologne,1,56.4,18,7,6,5,77.5,1,13,3,68.4,2,15,14,2,1
16th September 2023,Bundesliga,Hoffenheim,3,43.6,13,5,6,2,70.7,2,4,1,66.7,5,14,13,4,0
16th September 2023,Bundesliga,Mainz,1,39.3,15,3,6,6,73.2,1,6,1,63.6,3,12,9,1,0
16th September 2023,Bundesliga,Stuttgart,3,60.7,15,6,5,4,83.1,4,4,1,70,2,9,11,2,0
16th September 2023,Bundesliga,RB Leipzig,3,54.3,9,6,1,2,84.5,2,1,2,58.3,5,16,12,0,0
16th September 2023,Bundesliga,FC Augsburg,0,45.7,16,5,6,5,79.7,0,6,1,50,3,12,15,0,0
16th September 2023,Bundesliga,SC Freiburg,2,49.4,15,4,6,5,80.2,1,6,3,50,3,12,16,2,1
16th September 2023,Bundesliga,Borussia Dortmund,4,50.6,15,7,5,3,82.9,4,8,2,70,2,16,12,3,0
16th September 2023,Bundesliga,Wolfsburg,2,43.2,8,3,3,2,78.2,1,3,3,75,5,7,7,1,0
16th September 2023,Bundesliga,1. FC Union Berlin,1,56.8,19,6,11,2,83.1,3,7,1,57.1,1,7,7,0,0
16th September 2023,Bundesliga,Bochum,1,49.4,22,7,11,4,68.9,2,8,0,53.8,5,14,14,3,0
16th September 2023,Bundesliga,Eintracht Frankfurt,1,50.6,8,6,1,1,69.4,1,2,1,57.1,7,14,13,2,0
15th September 2023,Bundesliga,Bayern Munich,2,51.7,16,9,4,3,87,3,7,1,69.6,3,6,6,0,0
15th September 2023,Bundesliga,Bayer Leverkusen,2,48.3,13,5,5,3,86.4,3,4,3,52.2,7,6,6,3,0
3rd September 2023,Bundesliga,Eintracht Frankfurt,1,65,13,3,2,8,87.2,2,8,2,71.4,1,10,10,1,0
3rd September 2023,Bundesliga,Cologne,1,35,7,2,4,1,74.8,0,1,0,66.7,1,10,10,3,0
3rd September 2023,Bundesliga,1. FC Union Berlin,0,34.9,3,1,1,1,71,1,3,1,47.1,4,16,9,3,1
3rd September 2023,Bundesliga,RB Leipzig,3,65.1,14,7,4,3,84.9,1,7,2,61.5,1,9,15,1,0
2nd September 2023,Bundesliga,Bayer Leverkusen,5,72.2,25,13,5,7,90.6,5,4,1,57.1,0,8,10,3,0
2nd September 2023,Bundesliga,SV Darmstadt 98,1,27.8,5,1,0,4,70.7,1,2,1,68.2,8,11,7,2,0
2nd September 2023,Bundesliga,FC Augsburg,2,37.2,11,4,6,1,59.3,2,3,1,81.8,6,15,12,2,0
2nd September 2023,Bundesliga,Bochum,2,62.8,21,8,4,9,72.4,3,5,3,60,2,13,15,2,0
2nd September 2023,Bundesliga,Hoffenheim,3,39.3,10,5,4,1,76.3,3,3,4,66.7,6,12,13,2,0
2nd September 2023,Bundesliga,Wolfsburg,1,60.7,13,7,4,2,85.9,3,3,0,88.9,2,15,12,2,0
2nd September 2023,Bundesliga,Stuttgart,5,48.4,13,6,7,0,86.9,3,2,1,54.5,7,9,9,1,0
2nd September 2023,Bundesliga,SC Freiburg,0,51.6,13,7,3,3,84.5,1,4,1,77.8,1,10,9,1,0
2nd September 2023,Bundesliga,Werder Bremen,4,45.6,13,6,5,2,70.2,5,1,1,47.4,3,18,14,2,0
2nd September 2023,Bundesliga,Mainz,0,54.4,13,3,7,3,71.4,1,7,4,71.4,2,14,17,2,0
2nd September 2023,Bundesliga,M'gladbach,1,35,7,3,4,0,73.2,0,1,0,60,5,5,19,0,0
2nd September 2023,Bundesliga,Bayern Munich,2,65,25,8,7,10,88.5,2,15,1,66.7,2,20,5,2,0
1st September 2023,Bundesliga,Borussia Dortmund,2,62.7,19,8,9,2,83.5,2,3,2,83.3,4,9,20,3,0
1st September 2023,Bundesliga,1. FC Heidenheim 1846,2,37.3,14,6,5,3,69.5,1,6,3,61.5,7,22,8,3,0
27th August 2023,Bundesliga,Mainz,1,39.8,12,6,4,2,66.6,1,5,2,39.1,0,23,12,3,0
27th August 2023,Bundesliga,Eintracht Frankfurt,1,60.2,7,1,4,2,75.5,2,4,0,58.3,5,12,23,2,1
27th August 2023,Bundesliga,Bayern Munich,3,61,19,5,7,7,88.1,2,11,1,61.5,1,14,6,1,0
27th August 2023,Bundesliga,FC Augsburg,1,39,10,2,6,2,82,1,4,2,61.1,4,8,13,2,0
26th August 2023,Bundesliga,1. FC Heidenheim 1846,2,37.3,20,9,6,5,69,2,10,0,50,3,13,7,1,0
26th August 2023,Bundesliga,Hoffenheim,3,62.7,16,6,6,4,84.3,1,6,1,54.5,6,9,13,5,0
26th August 2023,Bundesliga,Bochum,1,34.4,20,7,8,5,65.1,0,5,6,60,2,21,7,2,0
26th August 2023,Bundesliga,Borussia Dortmund,1,65.6,14,3,10,1,76.4,0,4,0,66.7,6,7,19,1,0
26th August 2023,Bundesliga,Cologne,1,49.2,13,2,10,1,77.8,1,6,6,57.1,4,6,10,1,0
26th August 2023,Bundesliga,Wolfsburg,2,50.8,9,6,3,0,76.7,4,1,0,50,1,10,6,5,0
26th August 2023,Bundesliga,SC Freiburg,1,49.1,23,7,8,8,76.6,2,5,3,62.5,1,9,7,2,0
26th August 2023,Bundesliga,Werder Bremen,0,50.9,15,2,10,3,73.4,0,5,2,54.5,6,8,9,2,0
26th August 2023,Bundesliga,SV Darmstadt 98,1,73.6,21,6,12,3,85.6,4,3,0,66.7,2,15,11,2,0
26th August 2023,Bundesliga,1. FC Union Berlin,4,26.4,13,6,4,3,57.4,2,5,0,73.3,5,12,15,0,1
26th August 2023,Bundesliga,M'gladbach,0,40,12,2,8,2,83.4,2,5,1,60,8,7,8,2,0
26th August 2023,Bundesliga,Bayer Leverkusen,3,60,24,11,6,7,88.9,4,8,2,68.8,2,8,6,3,0
25th August 2023,Bundesliga,RB Leipzig,5,53.5,20,11,6,3,86.5,5,4,4,54.5,2,12,10,1,0
25th August 2023,Bundesliga,Stuttgart,1,46.5,9,4,4,1,81.3,2,4,1,60,6,10,12,1,0
20th August 2023,Bundesliga,1. FC Union Berlin,4,46.3,11,6,4,1,74.1,3,3,1,42.9,3,15,16,1,0
20th August 2023,Bundesliga,Mainz,1,53.7,10,3,3,4,77.4,1,1,0,69.2,2,16,12,5,0
20th August 2023,Bundesliga,Eintracht Frankfurt,1,61.1,9,3,5,1,86.7,1,7,0,69.2,2,9,12,2,0
20th August 2023,Bundesliga,SV Darmstadt 98,0,38.9,10,2,5,3,78.3,0,3,2,73.1,2,14,7,3,0
19th August 2023,Bundesliga,Bayer Leverkusen,3,44.5,11,7,3,1,81.9,3,4,2,73.3,4,13,9,1,0
19th August 2023,Bundesliga,RB Leipzig,2,55.5,14,6,4,4,85.8,3,5,0,56.3,4,10,12,2,0
19th August 2023,Bundesliga,FC Augsburg,4,56.2,20,7,7,6,84.6,2,8,4,46.2,1,9,13,1,0
19th August 2023,Bundesliga,M'gladbach,4,43.8,10,6,3,1,76.8,3,7,1,60,3,13,9,2,0
19th August 2023,Bundesliga,Hoffenheim,1,50.2,22,4,7,11,78.6,2,4,3,45.5,6,9,9,0,0
19th August 2023,Bundesliga,SC Freiburg,2,49.8,18,9,7,2,77.1,4,2,0,41.2,3,9,9,1,0
19th August 2023,Bundesliga,Stuttgart,5,60.4,21,9,6,6,86.7,6,7,2,71.4,1,5,12,1,0
19th August 2023,Bundesliga,Bochum,0,39.6,4,1,2,1,75.4,1,0,2,66.7,4,12,5,1,0
19th August 2023,Bundesliga,Wolfsburg,2,48.4,18,8,7,3,82.2,4,1,2,64.7,1,10,9,3,0
19th August 2023,Bundesliga,1. FC Heidenheim 1846,0,51.6,14,1,6,7,79.1,2,7,0,55,6,9,10,0,0
19th August 2023,Bundesliga,Borussia Dortmund,1,66.6,13,2,6,5,88,2,6,1,72.7,4,13,11,1,0
19th August 2023,Bundesliga,Cologne,0,33.4,11,4,5,2,77.6,2,3,2,70,1,11,11,0,0
18th August 2023,Bundesliga,Werder Bremen,0,27.6,6,1,5,0,72.1,1,0,3,58.6,6,17,11,2,0
18th August 2023,Bundesliga,Bayern Munich,4,72.4,25,10,7,8,90.5,3,6,0,66.7,1,11,17,1,0
